Item,Area,registros,produtividade_mediana,produtividade_media,produtividade_minima,produtividade_maxima
Cassava,Barbados,56,239047.5,228195.19642857142,164286,318846
Cassava,Cook Islands,56,233871.0,223952.4107142857,95012,363148
Cassava,India,56,197827.0,213874.7142857143,71134,385818
Cassava,French Polynesia,56,177513.0,175577.5,154062,186364
Cassava,"China, Taiwan Province of",56,158243.0,172123.76785714287,121402,252737
Cassava,Solomon Islands,56,151771.5,136008.0,79245,170588
Cassava,Thailand,56,151156.5,163786.94642857142,121277,229223
Cassava,Mauritius,56,150000.0,150101.0357142857,69545,250000
Cassava,China,56,149598.0,144331.85714285713,114050,164801
Cassava,"China, mainland",56,149556.0,142901.3392857143,111111,164602
Cassava,Paraguay,56,147479.0,147647.8392857143,98000,179739
Cassava,Belize,28,140468.0,131105.9642857143,74648,172105
Cassava,Lao People's Democratic Republic,56,137377.5,145297.14285714287,40994,326822
Cassava,Brazil,56,133608.5,132003.625,105996,152445
Cassava,Mexico,56,132740.0,139581.14285714287,74079,200000
Cassava,Samoa,56,124921.5,135528.0,100000,187500
Cassava,El Salvador,56,124818.5,125354.05357142857,76923,201298
Cassava,Jamaica,56,121269.0,140222.625,73849,208699
Cassava,Suriname,56,117747.0,134277.23214285713,29940,298608
Cassava,Brunei Darussalam,56,117647.0,108504.67857142857,51489,176374
Cassava,Cabo Verde,56,117593.0,108901.66071428571,47000,152571
Cassava,Indonesia,56,117036.5,123071.07142857143,70516,239133
Cassava,Guadeloupe,56,112404.0,117554.375,80000,158093
Cassava,Peru,56,111782.5,114419.625,93413,147235
Cassava,Guyana,29,110214.0,111034.96551724138,95857,125357
Cassava,Singapore,53,110000.0,87616.7358490566,26382,210000
Cassava,Fiji,56,109721.5,119094.08928571429,31099,190000
Cassava,Tonga,56,108783.5,110041.67857142857,50222,197625
Cassava,Malaysia,56,107785.5,127967.91071428571,87500,275589
Cassava,Myanmar,56,107660.0,111065.80357142857,87354,161422
Cassava,Cameroon,56,106163.5,99321.03571428571,52991,164386
Cassava,Micronesia (Federated States of),22,106155.0,106175.27272727272,100000,112500
Cassava,Bahamas,56,105882.0,120216.89285714286,75000,236821
Cassava,Guinea-Bissau,33,105324.0,122789.36363636363,80000,166629
Cassava,Papua New Guinea,56,102785.0,102668.48214285714,97871,109091
Cassava,Bolivia (Plurinational State of),56,102587.5,105995.125,67851,143406
Cassava,Nigeria,56,100926.0,101949.76785714286,70323,122155
Cassava,Argentina,56,100000.0,103245.41071428571,84651,150175
Cassava,Rwanda,56,100000.0,89574.23214285714,11778,172009
Cassava,Réunion,56,100000.0,102007.625,47444,227273
Cassava,Sao Tome and Principe,56,100000.0,93232.35714285714,36327,120000
Cassava,Somalia,56,100000.0,101889.23214285714,88235,114000
Cassava,Wallis and Futuna Islands,56,100000.0,97743.53571428571,62344,135833
Cassava,Dominica,56,99740.5,96789.53571428571,78526,112133
Cassava,Venezuela (Bolivarian Republic of),56,98768.5,100843.46428571429,67446,136649
Cassava,Cambodia,56,97297.0,119902.75,21250,263302
Cassava,Pacific Islands Trust Territory,30,91909.0,95284.56666666667,85561,111111
Cassava,Niger,56,91863.5,117865.19642857143,50312,235354
Cassava,Colombia,56,90957.5,88980.17857142857,56000,110801
Cassava,Ghana,56,90666.5,105428.21428571429,66667,200239
Cassava,Burundi,56,89950.0,84524.14285714286,39948,92909
Cassava,Trinidad and Tobago,56,89582.5,79223.375,18561,228000
Cassava,Sri Lanka,56,88860.0,88051.33928571429,38748,136650
Cassava,Nicaragua,56,88454.0,82785.46428571429,39216,123077
Cassava,Panama,56,86166.0,100190.01785714286,49611,194023
Cassava,Viet Nam,56,85232.5,104017.48214285714,70455,190468
Cassava,Philippines,56,84018.5,82280.23214285714,51301,125130
Cassava,Kenya,56,81319.5,91703.5,50000,142470
Cassava,Democratic Republic of the Congo,56,80009.5,75550.55357142857,64776,81483
Cassava,Benin,56,78454.0,88070.53571428571,37838,173771
Cassava,French Guiana,56,76363.5,79950.55357142857,50005,168788
Cassava,Grenada,56,75122.5,74452.25,54894,90909
Cassava,Mali,56,75000.0,97922.32142857143,66667,180749
Cassava,Puerto Rico,56,73900.0,67931.125,15017,157800
Cassava,Costa Rica,56,72988.0,87853.76785714286,33938,224490
Cassava,Congo,56,71610.0,73348.60714285714,46100,105225
Cassava,New Caledonia,56,71250.0,58033.857142857145,11024,86667
Cassava,Guinea,56,70135.0,72392.16071428571,67143,84900
Cassava,Togo,56,68714.5,96403.39285714286,33751,203500
Cassava,Saint Vincent and the Grenadines,56,68256.0,87192.17857142857,51724,126667
Cassava,Uganda,56,67001.5,71950.42857142857,30515,144083
Cassava,Madagascar,56,66517.5,66698.33928571429,55178,80358
Cassava,United Republic of Tanzania,56,65794.5,77548.25,45737,132021
Cassava,Liberia,56,64076.0,64916.892857142855,50421,85665
Cassava,Malawi,56,62772.5,92665.78571428571,20140,228041
Cassava,Seychelles,56,62516.5,88504.51785714286,50000,133262
Cassava,Zambia,56,61835.0,60437.53571428572,49409,63182
Cassava,Honduras,56,61445.0,59802.892857142855,26131,95140
Cassava,Dominican Republic,56,60083.0,59674.46428571428,30182,84606
Cassava,Ecuador,56,58814.5,65852.05357142857,25112,118966
Cassava,American Samoa,56,58321.5,65465.357142857145,30000,136667
Cassava,Côte d'Ivoire,56,54641.0,53655.357142857145,22026,80485
Cassava,Sierra Leone,56,51270.0,57929.67857142857,27610,158800
Cassava,Comoros,56,51220.0,51651.57142857143,40000,62857
Cassava,Niue,56,50443.0,52860.375,29565,100000
Cassava,Gabon,56,50000.0,50130.875,45814,53747
Cassava,Chad,56,44888.0,53082.357142857145,30222,132047
Cassava,Antigua and Barbuda,56,44837.5,42235.33928571428,22000,57500
Cassava,Cuba,56,41475.5,44902.125,25974,92600
Cassava,Haiti,56,41435.0,41998.482142857145,37500,45000
Cassava,Mozambique,56,41180.5,48181.267857142855,33284,107501
Cassava,Senegal,56,40484.5,47629.625,21496,109161
Cassava,Zimbabwe,56,39958.0,37652.32142857143,27778,47086
Cassava,Angola,56,38750.0,62410.21428571428,31875,155782
Cassava,Timor-Leste,56,38188.5,36308.42857142857,13468,64444
Cassava,Cayman Islands,51,36667.0,39799.8431372549,31439,70000
Cassava,Saint Lucia,56,32414.0,32798.44642857143,21079,40909
Cassava,Gambia,56,30989.0,33728.75,28299,50800
Cassava,Maldives,48,30501.0,29918.625,10000,48750
Cassava,Central African Republic,56,30161.5,30806.053571428572,24508,39000
Cassava,Burkina Faso,56,29600.0,41054.05357142857,13046,92004
Cassava,Guatemala,56,29428.0,25341.375,12390,33690
Cassava,Equatorial Guinea,56,26667.0,27410.071428571428,23846,33333
Cassava,Martinique,48,26000.0,69954.6875,23000,200000
Cassava,Sudan (former),51,22857.0,24035.745098039217,15000,38286
Maize,United Arab Emirates,26,209832.5,221585.3076923077,121122,367619
Maize,Kuwait,45,150156.0,140004.44444444444,30000,311478
Maize,Qatar,28,125294.5,135435.82142857142,118571,207556
Maize,Israel,56,122898.5,120666.98214285714,33613,340977
Maize,Greece,56,93463.0,75194.98214285714,11946,112240
Maize,New Zealand,56,91732.5,88749.32142857143,38652,116893
Maize,Jordan,56,86362.0,100566.51785714286,2941,404127
Maize,Switzerland,56,81820.0,77235.16071428571,36474,114447
Maize,Austria,56,80736.5,77915.46428571429,35620,113173
Maize,Netherlands,56,77432.5,74737.03571428571,25575,137419
Maize,Italy,56,74911.0,72652.14285714286,29129,106208
Maize,Chile,56,74232.0,68164.0,19538,122904
Maize,Slovenia,25,73139.0,70041.08,28150,95144
Maize,United States of America,56,72103.0,71804.75,39184,109604
Maize,France,56,70110.5,67123.67857142857,21489,100505
Maize,Germany,56,68990.5,69170.375,28979,106838
Maize,Czechia,24,67294.0,67267.95833333333,33896,97882
Maize,Spain,56,64601.0,66633.16071428571,21408,115592
Maize,Belgium-Luxembourg,39,64003.0,66954.17948717948,41055,121083
Maize,Canada,56,62443.5,66407.33928571429,41108,103370
Maize,Kyrgyzstan,25,60462.0,55270.52,32072,63779
Maize,Réunion,56,57441.0,58636.71428571428,32000,79600
Maize,Croatia,25,56817.0,58803.52,40701,86154
Maize,Slovakia,24,55212.0,57301.5,30374,92537
Maize,Hungary,56,52288.5,50171.19642857143,20263,78185
Maize,Egypt,56,51853.5,54963.82142857143,24014,83705
Maize,Poland,56,46560.0,45478.392857142855,20290,73481
Maize,"China, Taiwan Province of",56,46531.5,44328.69642857143,17974,69641
Maize,Armenia,25,45548.0,45292.28,18261,70829
Maize,Azerbaijan,25,45460.0,39108.36,11810,62485
Maize,Uzbekistan,25,44917.0,59855.8,26545,119570
Maize,Iran (Islamic Republic of),56,44482.0,41731.71428571428,8750,76912
Maize,Kazakhstan,25,43236.0,39502.44,16795,56423
Maize,Czechoslovakia,32,42371.0,41658.1875,23498,56379
Maize,Republic of Korea,56,41298.0,35187.94642857143,6493,51776
Maize,The former Yugoslav Republic of Macedonia,25,40991.0,39771.08,22613,47054
Maize,Bosnia and Herzegovina,25,40136.0,41913.32,22702,61466
Maize,China,56,39463.0,38189.42857142857,11848,60161
Maize,"China, mainland",56,39441.5,38179.42857142857,11842,60159
Maize,Belarus,25,39390.0,37074.68,5000,65950
Maize,Australia,56,38710.0,40905.83928571428,15694,83001
Maize,Mauritius,56,38490.0,43677.42857142857,10000,94537
Maize,Bulgaria,56,38442.5,39978.732142857145,17239,76823
Maize,Turkey,56,38214.0,39685.857142857145,11994,94182
Maize,Tajikistan,25,37740.0,62489.28,18000,132809
Maize,Argentina,56,37597.0,41597.32142857143,16481,78040
Maize,Ukraine,25,37352.0,40429.76,23614,66024
Maize,Albania,56,35870.5,35705.392857142855,9079,69597
Maize,Yugoslav SFR,31,35596.0,36220.290322580644,18122,53356
Maize,Saint Vincent and the Grenadines,56,35357.0,80118.57142857143,30000,276400
Maize,Democratic People's Republic of Korea,56,33396.0,35665.625,14007,65319
Maize,Russian Federation,25,31022.0,32764.4,15951,55130
Maize,New Caledonia,56,30955.0,30689.428571428572,11567,52329
Maize,USSR,31,30604.0,29586.16129032258,15930,37148
Maize,Romania,56,30454.0,30224.35714285714,15876,47870
Maize,Republic of Moldova,25,29881.0,29747.64,22047,39998
Maize,Trinidad and Tobago,56,28571.0,31272.553571428572,23462,44873
Maize,Oman,26,28370.0,40450.38461538462,25956,119590
Maize,Portugal,56,28110.5,36098.232142857145,9483,84520
Maize,Barbados,56,26144.0,25686.125,17887,32000
Maize,Thailand,56,25798.0,29089.39285714286,14140,43297
Maize,Japan,56,25098.5,25060.946428571428,13627,29167
Maize,Guam,56,24505.5,24495.946428571428,15925,36667
Maize,Lithuania,25,23500.0,34441.12,10000,74896
Maize,Papua New Guinea,56,23434.5,29714.339285714286,4286,60000
Maize,Georgia,25,23211.0,22885.8,14138,34840
Maize,South Africa,56,22162.5,24030.48214285714,7853,53009
Maize,Iraq,56,20895.5,20753.446428571428,7560,42214
Maize,Comoros,56,20555.5,16959.85714285714,10000,24035
Maize,Venezuela (Bolivarian Republic of),56,20410.0,22284.071428571428,10081,38327
Maize,Indonesia,56,20333.0,23189.5,9214,53705
Maize,French Guiana,45,20000.0,40073.08888888889,7000,100000
Maize,Fiji,56,19986.0,20854.25,7171,37065
Maize,Peru,56,19605.0,21477.035714285714,13027,33988
Maize,Suriname,56,19588.5,19839.14285714286,10000,28077
Maize,El Salvador,56,19487.5,20493.35714285714,9279,33895
Maize,Ethiopia,24,19222.5,22059.416666666668,11235,37331
Maize,Lebanon,56,18817.0,22890.76785714286,6667,60000
Maize,Brazil,56,18755.0,24443.071428571428,11606,55358
Maize,Mexico,56,18568.5,20602.839285714286,9867,37181
Maize,Malaysia,56,18490.5,26609.178571428572,11019,89681
Maize,Belize,56,18168.0,19282.160714285714,4873,36613
Maize,Syrian Arab Republic,56,17985.5,21970.928571428572,1025,54823
Maize,Nepal,56,17974.0,18159.571428571428,13321,25029
Maize,Montserrat,56,17857.0,27594.160714285714,10000,69589
Maize,Lao People's Democratic Republic,56,17649.5,24499.375,10031,59958
Maize,Guatemala,56,17551.5,16647.785714285714,8286,25807
Maize,Paraguay,56,17530.0,20768.214285714286,10000,53670
Maize,Saudi Arabia,56,17361.5,23953.053571428572,2727,67548
Maize,Djibouti,36,17193.0,18042.36111111111,13333,25000
Maize,Antigua and Barbuda,51,17059.0,18200.156862745098,15625,25000
Maize,Zambia,56,16902.5,16489.160714285714,6333,30310
Maize,Cameroon,56,16898.5,14781.392857142857,7447,25907
Maize,Costa Rica,56,16780.5,16606.64285714286,9248,23206
Maize,Afghanistan,56,16580.5,17194.60714285714,8400,29800
Maize,Myanmar,56,16271.0,17741.321428571428,5264,37505
Maize,Bolivia (Plurinational State of),56,15804.0,17261.51785714286,9091,28517
Maize,Sao Tome and Principe,56,15778.0,18116.089285714286,14333,24545
Maize,Kenya,56,15667.5,15411.767857142857,10713,20712
Maize,Gabon,56,15426.0,15325.089285714286,13962,16912
Maize,Viet Nam,56,15276.5,21405.071428571428,9307,45529
Maize,Yemen,56,15141.5,16038.375,8079,24545
Maize,Algeria,56,15110.5,20211.660714285714,4512,85625
Maize,Dominican Republic,56,14698.0,15072.839285714286,10268,20188
Maize,Colombia,56,14536.5,17924.39285714286,10022,36714
Maize,Uruguay,56,14368.5,22712.60714285714,3275,71364
Maize,India,56,14217.5,15455.642857142857,8999,26107
Maize,Bhutan,56,14009.5,17113.85714285714,7424,40495
Maize,Bahamas,56,14000.0,25447.39285714286,6667,93386
Maize,Puerto Rico,56,13974.5,17197.928571428572,8724,54348
Maize,Uganda,56,13894.5,15169.17857142857,8364,25046
Maize,Pakistan,56,13787.0,18940.678571428572,9956,45952
Maize,Honduras,56,13674.5,13592.19642857143,9352,17503
Maize,Cambodia,56,13626.0,20096.01785714286,8200,46947
Maize,Dominica,56,13434.5,13597.535714285714,11818,16962
Maize,Turkmenistan,25,12946.0,15392.84,2944,42800
Maize,Guyana,56,12910.5,13301.30357142857,7778,30385
Maize,Eswatini,56,12745.0,12048.44642857143,4001,22065
Maize,Nigeria,56,12699.5,12826.160714285714,5731,21961
Maize,United Republic of Tanzania,56,12629.5,12669.25,4808,31359
Maize,Panama,56,12545.0,12528.5,6750,25596
Maize,Libya,56,12535.5,14885.339285714286,7133,28900
Maize,Micronesia (Federated States of),26,12394.5,12814.038461538461,11848,15000
Maize,Cuba,56,12338.0,14565.482142857143,7085,27457
Maize,Ghana,56,12336.0,13088.25,4300,19500
Maize,Namibia,56,12273.0,13087.44642857143,5276,22606
Maize,Mali,56,12214.0,13971.875,6769,33349
Maize,Philippines,56,12040.5,14718.19642857143,6280,29756
Maize,Jamaica,56,11956.5,12382.285714285714,5492,21528
Maize,Zimbabwe,56,11862.0,12189.80357142857,2867,23110
Maize,Malawi,56,11818.5,13129.92857142857,4802,26547
Maize,Timor-Leste,56,11792.5,13918.857142857143,10000,27725
Maize,Gambia,56,11735.5,11425.30357142857,3041,18085
Maize,Pacific Islands Trust Territory,30,11603.5,12129.5,11250,22475
Maize,Guinea,56,11525.0,12084.44642857143,8000,16584
Maize,Nicaragua,56,11448.0,11330.285714285714,6196,15605
Maize,Ethiopia PDR,32,11358.0,13028.9375,9000,19556
Maize,Burundi,56,11257.0,11524.607142857143,9081,14342
Maize,Rwanda,56,11205.0,12552.92857142857,7018,25009
Maize,Ecuador,56,11031.5,13467.357142857143,4298,38724
Maize,Senegal,56,10894.0,11574.285714285714,6250,27961
Maize,Togo,56,10705.0,9882.464285714286,4254,13895
Maize,Burkina Faso,56,10675.5,11506.82142857143,4866,19444
Maize,Sri Lanka,56,10673.0,13372.589285714286,6539,38652
Maize,Madagascar,56,10374.0,11666.285714285714,8125,17779
Maize,Maldives,55,10000.0,18894.21818181818,10000,52000
Maize,Grenada,56,9905.5,9550.160714285714,7690,11132
Maize,Chad,56,9831.0,10989.607142857143,5267,22414
Maize,Somalia,56,9758.5,10044.67857142857,4149,17901
Maize,Sierra Leone,56,9720.5,9720.5,3332,22000
Maize,Bangladesh,56,9375.0,22657.64285714286,7143,73008
Maize,Côte d'Ivoire,56,8872.5,12526.82142857143,4681,22422
Maize,Benin,56,8871.5,9154.392857142857,4944,14216
Maize,Central African Republic,56,8324.5,8112.25,3277,17505
Maize,Haiti,56,8094.0,8693.42857142857,6500,11174
Maize,Mozambique,56,8001.5,7496.660714285715,1587,14980
Maize,Democratic Republic of the Congo,56,7790.0,7694.160714285715,6796,8500
Maize,Eritrea,24,7770.0,6483.208333333333,2076,10476
Maize,Congo,56,7728.5,7426.375,3846,10200
Maize,Guinea-Bissau,56,7596.0,9044.142857142857,4881,26557
Maize,Morocco,56,7541.5,7215.267857142857,1303,12198
Maize,Lesotho,56,7312.5,7854.196428571428,4159,15676
Maize,Niger,56,6977.5,8299.92857142857,2612,40000
Maize,Angola,56,6686.5,6380.357142857143,2358,11234
Maize,Sudan (former),51,6458.0,7380.431372549019,4250,20214
Maize,Mauritania,56,6154.0,6456.053571428572,2500,12291
Maize,Vanuatu,56,5077.0,5182.107142857143,4655,6333
Maize,Cabo Verde,56,3468.5,3773.5535714285716,343,11620
Maize,Botswana,56,2610.5,3412.7321428571427,693,10842
Plantains and others,Belize,28,219709.5,273483.5,92168,554855
Plantains and others,Suriname,56,201172.5,185971.0,60000,341816
Plantains and others,Martinique,56,200000.0,179898.5,60000,212145
Plantains and others,Puerto Rico,56,140966.0,141580.26785714287,68702,233311
Plantains and others,Jamaica,56,130934.5,138405.2142857143,84087,204013
Plantains and others,Guatemala,56,126920.5,176115.82142857142,50000,418505
Plantains and others,Honduras,56,125742.0,128330.41071428571,76306,195735
Plantains and others,Tonga,56,123967.0,133432.5357142857,80000,193333
Plantains and others,Kenya,56,123303.0,135177.7857142857,100000,1000000
Plantains and others,Philippines,26,120352.0,120511.65384615384,117780,124571
Plantains and others,Sri Lanka,56,120041.5,162004.17857142858,77410,578976
Plantains and others,Peru,56,119588.0,121721.17857142857,98313,196254
Plantains and others,Guadeloupe,56,110814.0,127485.98214285714,53973,200000
Plantains and others,Panama,32,106574.5,106495.625,88471,126307
Plantains and others,Bolivia (Plurinational State of),56,102212.0,119068.85714285714,87888,250000
Plantains and others,Nicaragua,56,100000.0,108044.07142857143,95000,162245
Plantains and others,Rwanda,29,99695.0,100161.06896551725,73955,120074
Plantains and others,Ecuador,56,99550.0,98608.41071428571,30460,207759
Plantains and others,Saint Vincent and the Grenadines,46,92456.5,100769.41304347826,69720,156429
Plantains and others,Dominican Republic,56,92173.0,103462.39285714286,71308,217814
Plantains and others,Costa Rica,56,89912.5,106619.125,50047,223410
Plantains and others,Grenada,32,78648.0,79310.0625,73333,84625
Plantains and others,Venezuela (Bolivarian Republic of),56,76314.0,78579.83928571429,45859,112368
Plantains and others,Dominica,41,74421.0,78209.41463414633,60558,115671
Plantains and others,Congo,56,74260.5,72297.39285714286,58167,80883
Plantains and others,Cuba,56,71479.5,79525.03571428571,36276,247961
Plantains and others,French Guiana,56,70244.0,74896.375,36168,176190
Plantains and others,Colombia,56,68893.5,68352.44642857143,46701,88316
Plantains and others,Haiti,56,64480.0,64788.375,51436,95921
Plantains and others,Ghana,56,60782.5,72132.30357142857,50752,109659
Plantains and others,Nigeria,56,58389.0,58393.16071428572,39900,75372
Plantains and others,El Salvador,56,57500.0,118455.96428571429,30000,312986
Plantains and others,Uganda,56,56833.5,59560.08928571428,43907,84235
Plantains and others,Myanmar,56,56396.5,72499.30357142857,37668,138287
Plantains and others,Cameroon,56,55079.0,64387.57142857143,26672,124687
Plantains and others,Sierra Leone,56,52018.0,47792.125,35000,56182
Plantains and others,Guinea,56,51222.0,51150.03571428572,49091,52614
Plantains and others,Equatorial Guinea,26,50850.5,50734.57692307692,50000,51048
Plantains and others,Gabon,56,50028.5,51371.517857142855,47059,63261
Plantains and others,Democratic Republic of the Congo,56,46792.0,46774.44642857143,43636,50003
Plantains and others,Malawi,56,37825.5,51652.44642857143,25000,113617
Plantains and others,Saint Lucia,39,36735.0,37153.717948717946,32260,44420
Plantains and others,Trinidad and Tobago,56,35118.5,43559.83928571428,33214,86823
Plantains and others,Guyana,56,33171.5,33327.53571428572,21350,46653
Plantains and others,Côte d'Ivoire,56,32951.0,30063.125,15625,43304
Plantains and others,Guinea-Bissau,56,30000.0,30185.48214285714,28182,37114
Plantains and others,Central African Republic,56,28263.0,28071.125,24500,31579
Plantains and others,United Republic of Tanzania,56,25984.5,24367.98214285714,18794,29708
Plantains and others,Liberia,56,21538.0,19987.160714285714,14667,22143
Plantains and others,New Caledonia,56,20079.0,25159.26785714286,286,50000
Plantains and others,Pacific Islands Trust Territory,30,6667.0,7110.733333333334,6000,22405
Plantains and others,Micronesia (Federated States of),22,5945.0,5761.727272727273,4828,6364
Potatoes,Netherlands,56,410397.0,394924.08928571426,258898,463376
Potatoes,Belgium-Luxembourg,39,387852.0,380169.1538461539,223686,522291
Potatoes,Switzerland,56,368980.5,362685.85714285716,230000,487219
Potatoes,United Kingdom,56,361873.0,348547.98214285716,215449,444167
Potatoes,Denmark,56,352658.5,327644.5714285714,174688,431194
Potatoes,Israel,56,339331.0,321980.8035714286,191011,454382
Potatoes,United States of America,56,332114.5,344444.25,212448,490203
Potatoes,France,56,323908.5,320564.28571428574,153786,479779
Potatoes,Occupied Palestinian Territory,23,308953.0,311466.2173913043,240978,397412
Potatoes,New Zealand,56,308912.0,353173.3035714286,198530,495751
Potatoes,Japan,56,298088.5,275103.98214285716,163643,340000
Potatoes,Sweden,56,295940.5,288126.60714285716,176300,375096
Potatoes,Germany,56,292729.5,308980.6964285714,163866,474154
Potatoes,Australia,56,277640.5,270045.35714285716,123285,404096
Potatoes,Kuwait,46,274187.0,251840.3260869565,60000,457368
Potatoes,Ireland,56,266984.0,280713.98214285716,190000,423647
Potatoes,Austria,56,263625.5,267670.26785714284,175672,361557
Potatoes,Oman,40,263204.0,262492.775,153545,326471
Potatoes,Norway,56,244544.5,244421.80357142858,164064,303375
Potatoes,Czechia,24,232099.0,234346.41666666666,160557,304473
Potatoes,Turkey,56,222847.5,208190.67857142858,95578,328252
Potatoes,Cyprus,56,213120.5,205783.0357142857,91657,297203
Potatoes,Slovenia,25,212682.0,212566.48,121000,274370
Potatoes,Bermuda,56,210263.0,191415.76785714287,63974,273846
Potatoes,Argentina,56,204219.5,202888.89285714287,82576,293744
Potatoes,Egypt,56,203416.0,206733.10714285713,139339,272440
Potatoes,United Arab Emirates,42,202122.5,192991.38095238095,56577,299739
Potatoes,Republic of Korea,56,200412.5,186120.67857142858,78172,294349
Potatoes,Costa Rica,56,197891.5,174978.44642857142,90323,265155
Potatoes,Mauritius,56,196674.5,189247.17857142858,77500,270360
Potatoes,Jordan,56,196493.5,201963.9642857143,19797,400507
Potatoes,Tajikistan,25,196227.0,182757.96,100289,279000
Potatoes,Lebanon,56,191563.5,179168.98214285713,80000,260759
Potatoes,Italy,56,191313.5,194769.4642857143,94531,284374
Potatoes,Finland,56,189869.5,195961.23214285713,110568,286098
Potatoes,Greece,56,187462.5,171663.89285714287,71210,242459
Potatoes,Turkmenistan,25,186353.0,167468.04,23077,233347
Potatoes,"China, Taiwan Province of",56,186264.5,175150.35714285713,74832,261432
Potatoes,Spain,56,185974.0,199498.4642857143,101604,334922
Potatoes,Mali,27,185714.0,194555.74074074073,163954,240551
Potatoes,Poland,56,183799.0,182973.32142857142,112600,284720
Potatoes,Saudi Arabia,55,180428.0,166569.05454545454,26264,263318
Potatoes,South Africa,56,179315.0,216523.89285714287,64992,360988
Potatoes,Belarus,25,177299.0,166266.52,99173,220735
Potatoes,Canada,56,172454.5,170120.6607142857,96637,266270
Potatoes,Hungary,56,172316.0,172276.9107142857,68065,285714
Potatoes,Cuba,56,171906.0,174318.0,57752,274435
Potatoes,Uzbekistan,25,171793.0,191520.24,85115,347630
Potatoes,Sudan (former),51,171429.0,171043.0588235294,117702,246782
Potatoes,Bahrain,41,170000.0,176247.24390243902,100000,275000
Potatoes,Syrian Arab Republic,56,169506.5,163693.44642857142,89819,221971
Potatoes,Morocco,56,166683.0,175199.80357142858,80000,363561
Potatoes,Iran (Islamic Republic of),56,165561.5,181004.26785714287,84063,320854
Potatoes,Czechoslovakia,32,162765.0,161826.125,98901,206559
Potatoes,Armenia,25,161509.0,159627.84,87349,231725
Potatoes,Slovakia,24,159782.5,162561.625,96690,214565
Potatoes,Kyrgyzstan,25,157200.0,150083.92,90906,237869
Potatoes,Zimbabwe,56,157102.5,151615.51785714287,93213,171875
Potatoes,Iraq,56,155763.5,148322.01785714287,83333,266114
Potatoes,Panama,56,154277.0,159266.9642857143,99518,276678
Potatoes,Lesotho,56,153673.0,152508.80357142858,125000,176905
Potatoes,India,56,153104.5,146149.85714285713,62482,231257
Potatoes,Cabo Verde,56,146326.0,138060.25,25000,250000
Potatoes,Colombia,56,145939.0,142320.375,83091,200521
Potatoes,Latvia,25,145634.0,152366.88,111670,212814
Potatoes,Estonia,25,145590.0,150412.56,97147,202069
Potatoes,Niger,40,145447.5,152716.3,46929,288323
Potatoes,Lithuania,25,145414.0,138558.92,79083,171612
Potatoes,Mexico,56,145088.0,172064.42857142858,66386,279260
Potatoes,El Salvador,56,144907.0,162850.10714285713,57143,426047
Potatoes,Croatia,25,144638.0,130479.8,59440,196596
Potatoes,Comoros,27,144444.0,144176.85185185185,120000,153846
Potatoes,Haiti,56,144404.0,141987.07142857142,109308,166667
Potatoes,Senegal,56,144187.5,144016.89285714287,46667,267857
Potatoes,Afghanistan,56,144009.5,136327.9642857143,76667,178788
Potatoes,Chile,56,141445.0,145162.73214285713,77219,312460
Potatoes,Réunion,56,140571.0,138308.44642857142,49837,253086
Potatoes,Kazakhstan,25,139278.0,135014.56,76679,190381
Potatoes,Faroe Islands,56,138684.0,139114.10714285713,123306,166939
Potatoes,Brazil,56,134301.0,146904.57142857142,56485,296622
Potatoes,Venezuela (Bolivarian Republic of),56,134278.0,141129.89285714287,75491,232963
Potatoes,The former Yugoslav Republic of Macedonia,25,133077.0,130005.68,83856,155110
Potatoes,Nicaragua,56,132945.5,104903.75,35000,185918
Potatoes,Azerbaijan,25,132881.0,122892.12,78059,156430
Potatoes,Romania,56,132832.0,129879.78571428571,67460,206579
Potatoes,Ukraine,25,131439.0,129831.84,82026,176447
Potatoes,Iceland,56,128468.5,129055.80357142857,50000,200000
Potatoes,China,56,126619.5,126042.32142857143,79996,171935
Potatoes,"China, mainland",56,126573.5,126015.03571428571,80000,171904
Potatoes,Indonesia,56,126403.0,117872.16071428571,45000,182549
Potatoes,Honduras,56,124575.0,115539.92857142857,45586,210827
Potatoes,Guatemala,56,123004.0,141681.10714285713,28646,367969
Potatoes,Tunisia,56,122841.0,120658.39285714286,70000,177205
Potatoes,Yemen,56,122594.0,118812.92857142857,50002,239619
Potatoes,Philippines,56,122048.5,108609.64285714286,46388,159027
Potatoes,Thailand,56,119852.5,112662.73214285714,25731,171249
Potatoes,Mozambique,56,119091.0,107112.73214285714,42636,170000
Potatoes,Portugal,56,118315.0,125960.48214285714,76523,198380
Potatoes,Bulgaria,56,116817.0,119640.25,75262,186855
Potatoes,Russian Federation,25,116696.0,122795.12,96526,159337
Potatoes,Jamaica,56,116510.0,119871.55357142857,59472,190236
Potatoes,Georgia,25,114517.0,111870.44,73991,152284
Potatoes,USSR,31,113307.0,112097.09677419355,80218,136805
Potatoes,Sri Lanka,56,112840.5,111830.26785714286,22422,156975
Potatoes,Pakistan,56,111330.5,131833.07142857142,74533,234439
Potatoes,Democratic People's Republic of Korea,56,111190.0,113765.46428571429,78770,133333
Potatoes,Viet Nam,56,106324.5,117832.85714285714,65215,180000
Potatoes,Dominican Republic,56,104780.5,129433.48214285714,68640,267155
Potatoes,Bangladesh,56,103064.5,115356.98214285714,58458,199162
Potatoes,Belize,28,102273.5,105428.42857142857,60633,230000
Potatoes,Malta,56,102036.5,137556.9642857143,55540,271429
Potatoes,Saint Kitts and Nevis,55,102000.0,118177.47272727273,66667,265556
Potatoes,Dominica,56,100000.0,85482.69642857143,10000,155617
Potatoes,French Polynesia,56,100000.0,94801.39285714286,82074,104074
Potatoes,Qatar,46,100000.0,102057.58695652174,26000,191000
Potatoes,New Caledonia,56,99276.5,99206.01785714286,40611,243961
Potatoes,Myanmar,56,97544.0,90334.60714285714,25250,152148
Potatoes,Algeria,56,93772.0,132693.69642857142,52466,306198
Potatoes,Zambia,56,90909.0,105827.51785714286,65955,187331
Potatoes,Bosnia and Herzegovina,25,90133.0,92339.4,65466,119661
Potatoes,Yugoslav SFR,31,87720.0,86704.64516129032,68494,97470
Potatoes,Mongolia,56,87142.0,89417.33928571429,36429,146207
Potatoes,Ecuador,56,86970.5,92661.73214285714,48788,142599
Potatoes,Benin,24,84713.5,80065.95833333333,20000,198182
Potatoes,Uruguay,56,84630.5,104043.60714285714,35049,224434
Potatoes,Peru,56,83387.5,91876.53571428571,51727,149122
Potatoes,Congo,56,83278.0,68966.10714285714,16000,89980
Potatoes,Albania,56,82162.0,114763.03571428571,50000,260110
Potatoes,Ethiopia PDR,32,80000.0,80000.0,80000,80000
Potatoes,Ethiopia,24,79970.0,92133.875,71914,148256
Potatoes,Republic of Moldova,25,78698.0,82290.88,49579,120058
Potatoes,Bhutan,56,78000.5,81726.92857142857,62992,138521
Potatoes,Libya,56,76668.5,114162.80357142857,41095,249910
Potatoes,Nepal,56,74641.0,84182.03571428571,50989,140299
Potatoes,Kenya,56,74105.5,96746.26785714286,29371,224279
Potatoes,Lao People's Democratic Republic,56,72666.5,110109.05357142857,52000,324903
Potatoes,Malawi,56,72361.0,97611.64285714286,58002,175414
Potatoes,Uganda,56,70000.0,71101.94642857143,43340,97470
Potatoes,Rwanda,56,68316.5,72961.75,22821,141869
Potatoes,Nigeria,56,65565.0,64576.19642857143,24610,125000
Potatoes,Angola,56,62963.0,61504.392857142855,20150,90000
Potatoes,Paraguay,56,62301.5,69936.71428571429,30770,152174
Potatoes,Chad,56,60073.0,63216.07142857143,38095,97682
Potatoes,Madagascar,56,59788.5,61962.017857142855,46934,77836
Potatoes,Eritrea,24,59585.0,48223.541666666664,8406,83333
Potatoes,Mauritania,56,54329.0,70685.75,40000,166400
Potatoes,Bolivia (Plurinational State of),56,53439.0,53957.96428571428,29259,71959
Potatoes,United Republic of Tanzania,56,52134.5,55171.53571428572,28654,91651
Potatoes,Democratic Republic of the Congo,56,50000.0,50333.69642857143,44949,59860
Potatoes,Papua New Guinea,56,46905.5,53733.69642857143,10000,298667
Potatoes,Fiji,56,44516.5,51069.75,20000,92727
Potatoes,Timor-Leste,56,37001.0,38144.07142857143,9034,87500
Potatoes,Montserrat,56,33333.0,32824.19642857143,10000,55000
Potatoes,Burundi,56,32340.5,35518.517857142855,24393,97626
Potatoes,Cameroon,56,26667.0,38791.232142857145,13112,158551
Potatoes,Burkina Faso,34,21616.5,36542.35294117647,15852,69947
Potatoes,Eswatini,56,20093.0,21350.964285714286,15898,32076
Potatoes,Central African Republic,56,20000.0,19799.14285714286,8052,26667
"Rice, paddy",Australia,56,74124.5,76240.71428571429,51216,106827
"Rice, paddy",Greece,56,64648.5,62119.232142857145,36316,84659
"Rice, paddy",Puerto Rico,45,63636.0,48889.666666666664,13536,99413
"Rice, paddy",Spain,56,63494.0,66014.25,54902,79739
"Rice, paddy",Republic of Korea,56,62732.0,59000.05357142857,35768,72228
"Rice, paddy",Egypt,56,62731.0,71682.71428571429,47268,100750
"Rice, paddy",United States of America,56,62123.0,62138.892857142855,38227,86232
"Rice, paddy",Japan,56,61807.0,60222.125,45783,67786
"Rice, paddy",Italy,56,57371.5,57019.44642857143,36735,68133
"Rice, paddy","China, mainland",56,54607.5,50406.125,20434,69373
"Rice, paddy",China,56,54520.0,50427.46428571428,20787,69324
"Rice, paddy",The former Yugoslav Republic of Macedonia,25,52322.0,52173.44,18341,63686
"Rice, paddy",Peru,56,51046.5,54112.96428571428,37074,78884
"Rice, paddy",Turkey,56,50000.0,54145.94642857143,33951,90559
"Rice, paddy",France,56,49705.0,47199.92857142857,21721,60915
"Rice, paddy","China, Taiwan Province of",56,49520.0,49581.482142857145,32663,65536
"Rice, paddy",Morocco,56,49141.5,49468.857142857145,23412,76173
"Rice, paddy",Uruguay,56,48500.0,53119.75,22930,85690
"Rice, paddy",Portugal,56,47668.5,49935.94642857143,27694,63454
"Rice, paddy",Syrian Arab Republic,36,44694.5,41519.61111111111,6667,101765
"Rice, paddy",Dominican Republic,56,43378.0,39877.33928571428,19190,89767
"Rice, paddy",Yugoslav SFR,31,43144.0,42416.58064516129,27909,51073
"Rice, paddy",Democratic People's Republic of Korea,56,42818.5,43158.517857142855,24586,81273
"Rice, paddy",Colombia,56,42610.0,40441.05357142857,17932,53501
"Rice, paddy",Indonesia,56,41541.0,37057.53571428572,17226,54148
"Rice, paddy",El Salvador,56,41192.5,45308.67857142857,20119,79373
"Rice, paddy",Mauritius,34,40224.0,40651.382352941175,19324,63333
"Rice, paddy",Argentina,56,40126.0,46650.58928571428,30469,70610
"Rice, paddy",Bulgaria,56,39931.5,40401.16071428572,23785,55605
"Rice, paddy",Ukraine,25,39894.0,43501.16,28889,61938
"Rice, paddy",Kenya,56,39700.0,40104.66071428572,13076,61813
"Rice, paddy",Chile,56,39505.0,40545.017857142855,20795,68972
"Rice, paddy",Mauritania,56,39139.5,35496.982142857145,6965,53659
"Rice, paddy",Mexico,56,38434.0,38318.46428571428,20697,61346
"Rice, paddy",Suriname,56,37681.0,37762.05357142857,27203,45309
"Rice, paddy",Russian Federation,25,37584.0,39766.32,23367,55795
"Rice, paddy",Iran (Islamic Republic of),56,37449.0,36236.91071428572,21429,47639
"Rice, paddy",USSR,31,35496.0,33129.22580645161,19449,38949
"Rice, paddy",Venezuela (Bolivarian Republic of),56,35189.0,35547.32142857143,13588,53722
"Rice, paddy",Eswatini,56,34578.0,41380.66071428572,21533,91492
"Rice, paddy",Kazakhstan,25,33678.0,34060.04,21932,47480
"Rice, paddy",Uzbekistan,25,33639.0,40296.64,19249,101095
"Rice, paddy",Costa Rica,56,33602.5,31134.303571428572,12531,48799
"Rice, paddy",Guyana,56,32880.0,31926.875,15313,49996
"Rice, paddy",Tajikistan,25,32844.0,38992.92,15385,72909
"Rice, paddy",Nicaragua,56,32264.5,33461.82142857143,16304,56648
"Rice, paddy",Ecuador,56,31746.5,32115.285714285714,13121,44792
"Rice, paddy",Albania,33,31573.0,31107.81818181818,15514,41786
"Rice, paddy",Sri Lanka,56,30593.5,29154.48214285714,17696,40558
"Rice, paddy",Viet Nam,56,30373.0,33569.78571428572,17095,57597
"Rice, paddy",Somalia,47,30308.0,34307.8085106383,11633,61538
"Rice, paddy",Myanmar,56,30111.0,27994.303571428572,14694,40026
"Rice, paddy",Hungary,56,30001.5,28237.071428571428,9739,46448
"Rice, paddy",Solomon Islands,53,30000.0,30268.33962264151,10857,48513
"Rice, paddy",Kyrgyzstan,25,29859.0,26787.52,9600,35185
"Rice, paddy",Réunion,31,29545.0,30554.354838709678,18750,46701
"Rice, paddy",Cuba,56,28443.0,26844.571428571428,13794,37269
"Rice, paddy",Malaysia,56,28349.5,28496.125,19968,38763
"Rice, paddy",Iraq,56,28311.5,28165.571428571428,6000,51049
"Rice, paddy",Azerbaijan,25,27973.0,31179.8,7292,50191
"Rice, paddy",Rwanda,50,27965.0,30973.08,13652,57193
"Rice, paddy",Burundi,56,27895.0,26462.60714285714,9831,44150
"Rice, paddy",Philippines,56,27016.0,25878.14285714286,12299,40019
"Rice, paddy",Romania,56,26986.5,29828.10714285714,12632,54262
"Rice, paddy",Guatemala,56,26856.0,24472.214285714286,11989,37127
"Rice, paddy",Paraguay,56,26776.5,32134.214285714286,17000,67013
"Rice, paddy",Niger,56,26143.0,27768.553571428572,10431,62834
"Rice, paddy",India,56,25789.0,24376.625,12936,36950
"Rice, paddy",French Guiana,56,25724.0,27052.196428571428,8000,60000
"Rice, paddy",Honduras,56,24938.5,28272.196428571428,11810,69716
"Rice, paddy",Pakistan,56,24824.0,25960.803571428572,13856,37649
"Rice, paddy",Bangladesh,56,24066.5,27008.60714285714,15302,46226
"Rice, paddy",Belize,56,23817.5,25222.678571428572,6602,52229
"Rice, paddy",Saudi Arabia,20,23773.5,22324.45,10000,38023
"Rice, paddy",Algeria,56,23257.0,22642.839285714286,11192,45512
"Rice, paddy",South Africa,56,23077.0,21944.214285714286,13954,27273
"Rice, paddy",Trinidad and Tobago,56,23055.0,22463.23214285714,5721,39204
"Rice, paddy",Lao People's Democratic Republic,56,22430.0,22768.125,8024,42625
"Rice, paddy",Haiti,56,22062.0,22463.0,17188,32750
"Rice, paddy",Fiji,56,21795.5,23003.0,6365,54802
"Rice, paddy",Zimbabwe,56,21763.5,17230.25,2608,29100
"Rice, paddy",Panama,56,21514.0,21313.410714285714,10575,32678
"Rice, paddy",Jamaica,56,21259.0,24737.321428571428,9091,53341
"Rice, paddy",Nepal,56,21093.5,23028.0,14489,33942
"Rice, paddy",Gabon,56,20748.0,21366.571428571428,11521,28453
"Rice, paddy",Senegal,56,20710.5,21431.321428571428,6834,41417
"Rice, paddy",Thailand,56,20639.0,22887.053571428572,15910,31867
"Rice, paddy",Afghanistan,56,20547.5,22194.14285714286,15180,33750
"Rice, paddy",Papua New Guinea,56,20478.0,23330.071428571428,17143,35556
"Rice, paddy",Madagascar,56,20088.5,22881.946428571428,16580,44287
"Rice, paddy",Bhutan,56,20000.0,22204.214285714286,12702,39983
"Rice, paddy","China, Hong Kong SAR",49,20000.0,19873.79591836735,12500,30000
"Rice, paddy",Timor-Leste,56,20000.0,21706.553571428572,12313,31192
"Rice, paddy",Brazil,56,19393.0,25290.964285714286,12974,57525
"Rice, paddy",Ethiopia,24,18607.5,21724.625,17511,30752
"Rice, paddy",Bolivia (Plurinational State of),56,17977.0,19214.803571428572,13157,31699
"Rice, paddy",Burkina Faso,56,17733.5,16108.517857142857,5604,25724
"Rice, paddy",Guinea,56,17076.0,16526.125,11008,19308
"Rice, paddy",Nigeria,56,17041.5,16761.696428571428,8926,23893
"Rice, paddy",Malawi,56,16242.5,14893.857142857143,6748,21259
"Rice, paddy",United Republic of Tanzania,56,15958.5,16092.32142857143,7143,27382
"Rice, paddy",Benin,56,15408.5,17504.14285714286,3558,39362
"Rice, paddy",Ghana,56,14567.0,15659.92857142857,5902,28200
"Rice, paddy",Mali,56,14433.0,16864.428571428572,6579,34486
"Rice, paddy",Cameroon,56,14273.0,21849.785714285714,4808,54668
"Rice, paddy",Guinea-Bissau,56,13966.0,13619.732142857143,5625,21000
"Rice, paddy",Cambodia,56,13868.0,17250.51785714286,6951,34277
"Rice, paddy",Brunei Darussalam,56,13859.5,13991.839285714286,5147,29040
"Rice, paddy",Central African Republic,56,13687.5,13089.67857142857,4815,30000
"Rice, paddy",Uganda,56,13563.5,14249.160714285714,5736,25889
"Rice, paddy",Gambia,56,13496.5,13893.160714285714,6861,25660
"Rice, paddy",Turkmenistan,25,13309.0,15618.68,3900,27103
"Rice, paddy",Sierra Leone,56,13294.0,13795.267857142857,9329,20691
"Rice, paddy",Togo,56,13131.5,14379.714285714286,4624,28233
"Rice, paddy",Liberia,56,12338.0,11402.160714285714,5098,15534
"Rice, paddy",Côte d'Ivoire,56,12076.0,14591.25,7573,30546
"Rice, paddy",Micronesia (Federated States of),22,12013.0,13454.5,11111,17778
"Rice, paddy",Comoros,56,11817.0,11550.892857142857,8889,12889
"Rice, paddy",Chad,56,11779.5,12090.80357142857,3862,27888
"Rice, paddy",Pacific Islands Trust Territory,30,10669.5,10229.4,8000,12000
"Rice, paddy",Sudan (former),51,10566.0,14850.882352941177,5000,47619
"Rice, paddy",Zambia,49,10308.0,10358.448979591836,3930,17974
"Rice, paddy",Angola,56,10000.0,10885.839285714286,4947,20000
"Rice, paddy",Mozambique,56,8802.0,9085.42857142857,2034,16154
"Rice, paddy",Congo,56,8071.5,9577.142857142857,5789,23333
"Rice, paddy",Democratic Republic of the Congo,56,7631.5,7705.678571428572,4789,8752
Sorghum,Jordan,42,75895.0,91800.47619047618,1064,252468
Sorghum,Italy,56,53443.5,50638.42857142857,27758,71576
Sorghum,Israel,56,49783.5,46680.19642857143,17754,80000
Sorghum,France,56,47464.5,47019.642857142855,23665,66645
Sorghum,Egypt,56,43973.0,45615.46428571428,34487,57964
Sorghum,Spain,56,42719.0,41079.642857142855,6874,65397
Sorghum,Oman,23,40000.0,38337.0,30952,46587
Sorghum,Croatia,24,39660.0,37708.916666666664,24835,50203
Sorghum,United States of America,56,37135.0,37163.05357142857,26181,48912
Sorghum,"China, Taiwan Province of",56,34222.5,31795.964285714286,7946,50465
Sorghum,Argentina,56,32731.5,33220.28571428572,12913,52691
Sorghum,Uzbekistan,25,32571.0,44571.08,10000,127273
Sorghum,Peru,56,31937.0,31893.928571428572,16373,53289
Sorghum,Mexico,56,31182.0,31295.446428571428,19008,41680
Sorghum,China,56,30424.0,29867.14285714286,9093,49542
Sorghum,"China, mainland",56,30419.0,29844.071428571428,9091,49653
Sorghum,Bolivia (Plurinational State of),41,29912.0,31374.51219512195,17663,49824
Sorghum,Panama,38,28141.5,30937.157894736843,16389,75973
Sorghum,Belize,28,27762.5,27900.714285714286,17458,37826
Sorghum,Colombia,56,26833.0,28327.589285714286,19526,57069
Sorghum,Fiji,56,26780.5,24560.535714285714,6418,34286
Sorghum,Dominican Republic,56,26758.5,26297.60714285714,12895,40000
Sorghum,Uruguay,56,26525.0,25816.14285714286,4117,47606
Sorghum,Pacific Islands Trust Territory,30,25000.0,25958.333333333332,25000,40000
Sorghum,Micronesia (Federated States of),22,24446.0,23943.31818181818,21867,25000
Sorghum,Papua New Guinea,56,23273.0,23993.75,5912,41152
Sorghum,Slovakia,24,23265.5,22974.958333333332,17089,30884
Sorghum,Yugoslav SFR,31,22456.0,22591.612903225807,16953,32642
Sorghum,Czechoslovakia,32,22063.5,20612.4375,6310,26432
Sorghum,Brazil,56,22048.0,21150.571428571428,14640,29317
Sorghum,Hungary,56,21590.5,23141.89285714286,6777,61162
Sorghum,Algeria,55,21123.0,37275.58181818182,4526,255800
Sorghum,Venezuela (Bolivarian Republic of),53,20879.0,19844.20754716981,9857,24555
Sorghum,Australia,56,20797.5,22213.48214285714,11092,40252
Sorghum,Bulgaria,40,20302.5,19482.425,5968,32157
Sorghum,South Africa,56,19081.0,19151.73214285714,5429,34286
Sorghum,Philippines,47,17470.0,21606.76595744681,10576,53418
Sorghum,Greece,56,17014.0,19755.714285714286,5229,56238
Sorghum,Thailand,56,16773.0,16651.928571428572,8363,24606
Sorghum,Nicaragua,56,16549.5,15591.464285714286,8797,22474
Sorghum,Costa Rica,31,16528.0,18258.645161290322,14876,25673
Sorghum,Ecuador,41,16254.0,19901.317073170732,8923,37700
Sorghum,Ukraine,25,15067.0,16854.52,6000,38990
Sorghum,Romania,56,14873.0,16053.517857142857,5500,37611
Sorghum,New Caledonia,44,14680.5,15953.59090909091,0,28000
Sorghum,Tajikistan,25,14087.0,15629.72,7338,34000
Sorghum,Ethiopia,24,14077.0,16274.291666666666,9319,25695
Sorghum,Guatemala,56,14022.5,13921.964285714286,5702,25150
Sorghum,Uganda,56,13323.0,12809.75,7902,19662
Sorghum,Paraguay,56,13237.0,17970.660714285714,8824,59846
Sorghum,Republic of Korea,56,12969.5,11552.767857142857,4669,17584
Sorghum,El Salvador,56,12543.0,13051.410714285714,2075,18428
Sorghum,Lebanon,56,12501.0,12941.19642857143,3050,21054
Sorghum,Guinea,56,12500.0,12100.67857142857,9353,17941
Sorghum,Democratic People's Republic of Korea,56,12415.5,12833.910714285714,8781,16000
Sorghum,Saudi Arabia,56,12279.0,13820.75,1887,27781
Sorghum,Russian Federation,25,11722.0,11565.56,5754,16765
Sorghum,Albania,32,11546.0,10571.75,3747,16505
Sorghum,Honduras,56,11492.0,10646.92857142857,6046,13357
Sorghum,Occupied Palestinian Territory,23,11371.0,22670.782608695652,0,94156
Sorghum,USSR,31,11221.0,11468.516129032258,6667,16591
Sorghum,Cuba,56,11000.0,10909.642857142857,2719,21816
Sorghum,Rwanda,56,11000.0,11116.375,6850,15084
Sorghum,Nigeria,56,10795.5,10332.94642857143,5241,16332
Sorghum,Sierra Leone,56,10777.0,11263.5,5394,16984
Sorghum,Burundi,56,10000.0,10787.214285714286,5890,19694
Sorghum,Kyrgyzstan,25,10000.0,9721.92,3846,15385
Sorghum,Maldives,55,10000.0,10447.927272727273,9091,12222
Sorghum,Iraq,56,9859.0,10914.482142857143,3333,31873
Sorghum,Ethiopia PDR,32,9746.5,10532.65625,6604,16011
Sorghum,Syrian Arab Republic,49,9652.0,11064.224489795919,4386,26054
Sorghum,Gambia,56,9472.0,9426.69642857143,5000,13290
Sorghum,Republic of Moldova,25,9250.0,12711.48,3574,36594
Sorghum,Kenya,56,9031.5,8856.94642857143,2917,12230
Sorghum,United Republic of Tanzania,56,8977.0,8782.392857142857,4423,17963
Sorghum,Bangladesh,56,8968.0,9950.375,4678,21505
Sorghum,Myanmar,20,8888.0,8542.9,6180,10398
Sorghum,Sri Lanka,56,8662.0,9116.17857142857,5719,14848
Sorghum,Togo,39,8600.0,8311.25641025641,5383,11012
Sorghum,Senegal,56,8580.0,8396.410714285714,5228,13649
Sorghum,Haiti,56,8475.0,8431.464285714286,6000,10385
Sorghum,Cameroon,56,8461.5,9819.857142857143,5688,15646
Sorghum,Mali,56,8442.0,8758.625,5587,15941
Sorghum,Yemen,56,8258.5,8113.589285714285,4118,10978
Sorghum,Kazakhstan,25,8255.0,13971.96,2103,65862
Sorghum,Central African Republic,56,8238.5,8546.464285714286,3390,12618
Sorghum,Guinea-Bissau,56,8000.0,8167.714285714285,5200,16420
Sorghum,Benin,56,7694.5,7891.089285714285,4831,14994
Sorghum,Ghana,56,7599.5,8538.0,4818,13119
Sorghum,Burkina Faso,56,7341.5,7519.464285714285,4525,11393
Sorghum,India,56,7260.5,7204.107142857143,4288,10209
Sorghum,Lesotho,56,7042.0,7167.125,1343,14763
Sorghum,Sudan (former),51,6785.0,6775.490196078431,3270,10029
Sorghum,Malawi,56,6710.5,6779.410714285715,1430,10119
Sorghum,Democratic Republic of the Congo,56,6610.0,7155.696428571428,5721,9002
Sorghum,Morocco,56,6578.0,7122.5,866,14518
Sorghum,Eswatini,56,6576.0,7028.982142857143,2268,20000
Sorghum,Chad,56,6529.0,6531.0,4430,10119
Sorghum,Zambia,56,6524.0,6492.035714285715,2976,9787
Sorghum,Côte d'Ivoire,56,6089.0,6052.142857142857,4516,7333
Sorghum,Madagascar,56,6000.0,5834.5,1989,7447
Sorghum,Pakistan,56,5897.5,5816.642857142857,4613,6417
Sorghum,Mozambique,56,5835.5,6144.428571428572,1689,10000
Sorghum,Zimbabwe,56,4485.0,4674.446428571428,1791,8124
Sorghum,Tunisia,56,4430.5,4371.625,1667,6400
Sorghum,Mauritania,56,4126.5,4249.446428571428,1448,7759
Sorghum,Somalia,56,3514.0,3947.1964285714284,2040,9824
Sorghum,Niger,56,3449.0,3622.035714285714,1257,7258
Sorghum,Botswana,56,3321.5,4439.714285714285,583,18316
Sorghum,Eritrea,24,2788.5,4137.0,1124,11420
Sorghum,Namibia,56,2158.5,2423.2678571428573,973,4255
Soybeans,Italy,56,31329.0,29693.375,17824,40072
Soybeans,Egypt,45,27922.0,26955.422222222223,9494,36186
Soybeans,Guatemala,35,26429.0,24880.0,10000,31768
Soybeans,Switzerland,29,26350.0,27077.275862068964,22818,39391
Soybeans,Slovenia,25,25357.0,24027.88,11000,29955
Soybeans,Ethiopia PDR,32,25198.5,28090.625,14286,59470
Soybeans,Austria,29,25092.0,24209.655172413793,15766,30648
Soybeans,France,44,24871.5,23485.93181818182,12512,29986
Soybeans,Georgia,25,24000.0,20319.56,909,37592
Soybeans,Canada,56,23447.5,23584.696428571428,14754,30294
Soybeans,Croatia,25,23084.0,23326.56,13752,31047
Soybeans,United States of America,56,22590.0,22776.089285714286,15309,35006
Soybeans,Greece,30,22513.5,21269.033333333333,1265,31195
Soybeans,Turkey,56,22057.0,22709.01785714286,7667,43999
Soybeans,Spain,47,21982.0,21824.91489361702,12351,32919
Soybeans,Argentina,56,21131.5,20215.625,9765,31755
Soybeans,Honduras,24,20770.0,20419.333333333332,17930,21429
Soybeans,Colombia,56,20000.0,20112.875,13415,27250
Soybeans,Germany,25,20000.0,19464.64,10000,30000
Soybeans,El Salvador,48,19197.0,19026.458333333332,12165,27143
Soybeans,Paraguay,56,19190.5,20733.446428571428,11304,33938
Soybeans,Brazil,56,17961.5,19391.64285714286,8478,31214
Soybeans,Bosnia and Herzegovina,25,17801.0,18127.68,9320,26576
Soybeans,Hungary,53,17783.0,17022.32075471698,3116,26896
Soybeans,Mexico,56,17610.0,17586.535714285714,10925,21218
Soybeans,"China, Taiwan Province of",56,17496.5,17620.910714285714,9046,23812
Soybeans,Zimbabwe,56,17317.0,16221.80357142857,4067,28048
Soybeans,Nicaragua,42,17072.0,18117.666666666668,13043,23333
Soybeans,Bolivia (Plurinational State of),50,17020.0,17498.68,9302,23980
Soybeans,Iran (Islamic Republic of),56,17004.5,16777.214285714286,10000,25702
Soybeans,Australia,56,16879.0,15867.80357142857,3858,23289
Soybeans,Yugoslav SFR,31,16807.0,16891.032258064515,6484,25780
Soybeans,Czechia,24,16736.5,17531.833333333332,10217,26369
Soybeans,Venezuela (Bolivarian Republic of),31,16683.0,18520.387096774193,7904,31632
Soybeans,Belize,28,16617.0,16926.14285714286,11053,28099
Soybeans,Slovakia,24,16514.0,16529.833333333332,8144,26521
Soybeans,Syrian Arab Republic,29,16489.0,16544.689655172413,7950,25000
Soybeans,Mali,37,16000.0,14123.621621621622,6214,17361
Soybeans,Peru,56,15676.5,15685.517857142857,10000,33976
Soybeans,Ecuador,56,15363.5,15127.142857142857,6008,21520
Soybeans,Japan,56,15335.0,15329.017857142857,11059,20195
Soybeans,Uruguay,56,15177.0,15579.767857142857,7000,26333
Soybeans,Kazakhstan,25,14955.0,15177.0,8437,21788
Soybeans,Albania,37,14327.0,14299.918918918918,4507,25152
Soybeans,China,56,14138.0,13641.964285714286,6260,18929
Soybeans,"China, mainland",56,14135.0,13632.517857142857,6243,18929
Soybeans,Iraq,42,13798.0,12268.595238095239,4365,16250
Soybeans,Republic of Korea,56,13339.5,12927.75,5421,19818
Soybeans,South Africa,56,13133.5,12078.94642857143,2500,21703
Soybeans,Thailand,56,12872.5,12636.035714285714,7365,17695
Soybeans,Ukraine,25,12699.0,13874.6,7203,23002
Soybeans,Romania,56,12685.5,13636.80357142857,3360,26595
Soybeans,Zambia,44,12463.5,12814.431818181818,1941,23941
Soybeans,Democratic People's Republic of Korea,56,11512.5,10786.660714285714,5625,13750
Soybeans,Burkina Faso,34,11030.0,10954.029411764706,4667,27319
Soybeans,Indonesia,56,10883.5,10384.44642857143,6203,15690
Soybeans,Philippines,56,10663.0,10693.625,7225,14169
Soybeans,Republic of Moldova,25,10644.0,11915.64,4767,20699
Soybeans,Bulgaria,56,10008.5,11560.07142857143,4349,24131
Soybeans,Cambodia,56,10000.0,11567.410714285714,3333,25000
Soybeans,Chile,22,10000.0,10628.772727272728,10000,15000
Soybeans,Morocco,35,10000.0,10892.142857142857,4000,24600
Soybeans,Uganda,56,10000.0,9954.285714285714,3745,40817
Soybeans,Russian Federation,25,9981.0,10129.16,5831,14788
Soybeans,Sri Lanka,56,9830.5,10930.625,6399,24048
Soybeans,Suriname,56,9702.0,9406.732142857143,5192,14516
Soybeans,Côte d'Ivoire,41,9633.0,9805.439024390244,4500,22000
Soybeans,Lao People's Democratic Republic,56,9588.0,9951.857142857143,5773,16371
Soybeans,Gabon,32,9478.5,9447.3125,5242,10890
Soybeans,Kyrgyzstan,25,9421.0,9377.64,2000,17778
Soybeans,Ethiopia,24,9290.0,11720.458333333334,1754,23464
Soybeans,Burundi,56,8819.5,9170.42857142857,7273,16000
Soybeans,India,56,8578.5,8364.82142857143,4348,13530
Soybeans,Kenya,27,8400.0,9027.703703703704,7153,14997
Soybeans,Bhutan,37,8101.0,9440.756756756757,5770,35292
Soybeans,Myanmar,56,8082.0,8584.017857142857,3320,15045
Soybeans,Viet Nam,56,8038.5,8996.5,4000,16138
Soybeans,Rwanda,51,7200.0,6963.058823529412,4665,10964
Soybeans,Democratic Republic of the Congo,56,7171.5,6801.625,4375,9444
Soybeans,Timor-Leste,56,7143.0,8345.875,7143,16154
Soybeans,Benin,32,7108.0,7412.09375,2824,10244
Soybeans,Malaysia,30,6750.0,8356.666666666666,3000,22500
Soybeans,Azerbaijan,23,6587.0,7416.869565217391,811,17568
Soybeans,Madagascar,42,6222.0,8699.214285714286,4803,20000
Soybeans,USSR,31,6183.0,6748.225806451613,2851,11629
Soybeans,Panama,26,6170.5,5973.692307692308,3668,7857
Soybeans,Cameroon,39,6061.0,7109.5641025641025,2143,13980
Soybeans,Nepal,56,5728.5,6738.178571428572,5000,12333
Soybeans,United Republic of Tanzania,56,5180.0,5577.517857142857,2100,13000
Soybeans,Pakistan,56,5129.0,6652.107142857143,3292,15078
Soybeans,Liberia,56,3970.5,3789.0714285714284,3143,4342
Soybeans,Nigeria,56,3505.5,5279.375,2100,12951
Soybeans,Tajikistan,24,441.5,1177.2083333333333,50,4000
Sweet potatoes,Israel,56,307692.0,302323.1785714286,70586,396250
Sweet potatoes,Occupied Palestinian Territory,22,272803.0,270691.63636363635,20000,345000
Sweet potatoes,Cook Islands,56,256439.0,245230.375,133663,307273
Sweet potatoes,Egypt,56,240402.5,244437.2857142857,119702,342144
Sweet potatoes,Japan,56,222401.5,222003.98214285713,187842,258088
Sweet potatoes,Sudan (former),51,214815.0,204094.41176470587,112500,285714
Sweet potatoes,Bahrain,35,200000.0,167357.17142857143,100000,200000
Sweet potatoes,Italy,56,197931.5,189242.375,80243,242578
Sweet potatoes,Republic of Korea,56,194185.5,189691.07142857142,122145,246345
Sweet potatoes,Greece,56,179859.5,170890.0357142857,70000,329207
Sweet potatoes,Niue,56,175000.0,185132.0892857143,74510,300000
Sweet potatoes,Mexico,56,174714.5,154910.3392857143,61134,237275
Sweet potatoes,"China, mainland",56,169866.0,164724.7857142857,68948,221836
Sweet potatoes,China,56,169851.0,164983.4107142857,70616,221808
Sweet potatoes,"China, Taiwan Province of",56,168583.5,177979.7857142857,91179,234777
Sweet potatoes,Spain,56,162320.5,154183.67857142858,102927,195766
Sweet potatoes,New Zealand,56,157406.5,155495.9107142857,85101,252381
Sweet potatoes,Réunion,56,157077.0,157627.9642857143,21900,327132
Sweet potatoes,Morocco,56,153846.0,160098.4642857143,123061,270783
Sweet potatoes,United States of America,56,153511.5,157745.5357142857,88222,245411
Sweet potatoes,Solomon Islands,56,137981.0,131775.125,104324,150000
Sweet potatoes,Democratic People's Republic of Korea,56,134514.0,135507.80357142858,120000,150000
Sweet potatoes,Australia,56,134216.5,183424.5892857143,55283,395623
Sweet potatoes,Argentina,56,129389.0,127468.55357142857,89878,176667
Sweet potatoes,Peru,56,127808.0,138080.75,90285,183363
Sweet potatoes,Mauritius,56,123267.5,120567.75,42857,187143
Sweet potatoes,Tonga,56,119604.0,118385.01785714286,100000,129293
Sweet potatoes,Malaysia,56,114303.0,120585.28571428571,89825,215175
Sweet potatoes,Pakistan,56,112052.0,116211.94642857143,73377,163786
Sweet potatoes,Jamaica,56,111589.0,122419.71428571429,62935,182528
Sweet potatoes,Niger,56,108673.5,119486.83928571429,37907,284436
Sweet potatoes,Brazil,56,108511.0,108354.14285714286,86415,140721
Sweet potatoes,Guadeloupe,56,107577.5,110005.75,60417,140000
Sweet potatoes,Zambia,56,102000.0,85396.71428571429,10275,147692
Sweet potatoes,Barbados,56,100850.0,126997.48214285714,65000,324237
Sweet potatoes,Liberia,56,100000.0,101891.875,92308,112195
Sweet potatoes,Somalia,56,100000.0,99533.23214285714,91429,100000
Sweet potatoes,Bangladesh,56,99454.5,101140.125,88704,124872
Sweet potatoes,Martinique,56,96906.0,96348.89285714286,70000,144615
Sweet potatoes,Guyana,20,94358.0,134957.95,16346,329827
Sweet potatoes,Guam,56,93032.5,86000.98214285714,9900,152500
Sweet potatoes,Kenya,56,92719.0,94963.51785714286,56000,170773
Sweet potatoes,Yemen,30,92600.5,92999.26666666666,82500,100000
Sweet potatoes,Indonesia,56,90241.0,90864.21428571429,58542,165667
Sweet potatoes,Ethiopia,24,88769.0,102194.33333333333,72932,168850
Sweet potatoes,Singapore,50,88607.5,81106.26,20470,150000
Sweet potatoes,"China, Hong Kong SAR",56,86447.5,90141.16071428571,64000,136000
Sweet potatoes,Angola,56,83333.0,78162.21428571429,34938,115174
Sweet potatoes,Paraguay,56,81796.0,84322.51785714286,56807,110000
Sweet potatoes,India,56,81792.5,81283.60714285714,55363,114766
Sweet potatoes,Portugal,56,80466.5,99541.85714285714,71429,253007
Sweet potatoes,Saint Lucia,56,80211.0,70007.89285714286,26232,111471
Sweet potatoes,Bermuda,56,80000.0,89749.16071428571,28571,127500
Sweet potatoes,Ethiopia PDR,32,80000.0,80004.0,80000,80128
Sweet potatoes,Belize,28,78920.5,78679.92857142857,42800,108750
Sweet potatoes,Lao People's Democratic Republic,56,78259.5,85721.69642857143,48341,204391
Sweet potatoes,Puerto Rico,56,75322.5,66122.53571428571,25394,98720
Sweet potatoes,Chile,56,73223.5,85709.23214285714,58268,140000
Sweet potatoes,Suriname,56,69261.5,87829.14285714286,24250,191628
Sweet potatoes,Pacific Islands Trust Territory,30,69194.0,66014.06666666667,44808,73333
Sweet potatoes,Dominican Republic,56,68239.0,69668.55357142857,44947,92989
Sweet potatoes,Rwanda,56,65207.0,64149.107142857145,34388,96163
Sweet potatoes,Congo,56,64910.0,65244.875,50000,73684
Sweet potatoes,Comoros,56,64338.0,56107.642857142855,21000,110000
Sweet potatoes,Burundi,56,63755.5,66237.51785714286,56876,104528
Sweet potatoes,Guatemala,24,63537.0,63499.958333333336,58333,66667
Sweet potatoes,Sri Lanka,56,63087.5,63699.357142857145,31818,95278
Sweet potatoes,Mali,56,62081.0,91673.53571428571,41819,202336
Sweet potatoes,Nigeria,56,61000.0,64782.28571428572,21503,124286
Sweet potatoes,Senegal,56,60277.5,116087.625,17541,400000
Sweet potatoes,Saint Kitts and Nevis,56,60010.5,60558.69642857143,16860,93750
Sweet potatoes,Mozambique,56,59860.0,68109.30357142857,42169,209796
Sweet potatoes,Antigua and Barbuda,56,59139.5,54224.28571428572,33519,75405
Sweet potatoes,Viet Nam,56,59089.0,63814.67857142857,44788,107353
Sweet potatoes,El Salvador,56,58333.0,56668.142857142855,48889,64789
Sweet potatoes,Burkina Faso,56,57811.0,67410.33928571429,12718,190326
Sweet potatoes,Micronesia (Federated States of),22,57676.0,57315.681818181816,54545,58824
Sweet potatoes,Uruguay,56,57390.0,67910.51785714286,33333,107143
Sweet potatoes,Chad,56,56351.0,59403.107142857145,25000,152863
Sweet potatoes,Trinidad and Tobago,56,56333.5,59545.982142857145,4880,113628
Sweet potatoes,Madagascar,56,54627.0,57824.482142857145,41200,80950
Sweet potatoes,Myanmar,56,52117.0,58544.75,39697,92433
Sweet potatoes,Cameroon,56,52039.5,48929.767857142855,25316,78150
Sweet potatoes,Guinea,56,51701.0,56453.732142857145,31033,87000
Sweet potatoes,Brunei Darussalam,56,50601.0,50733.08928571428,27333,70159
Sweet potatoes,Democratic Republic of the Congo,56,50054.0,50312.107142857145,38383,59891
Sweet potatoes,Dominica,56,50000.0,47915.642857142855,37382,57279
Sweet potatoes,Cambodia,56,49998.0,60855.46428571428,28000,136433
Sweet potatoes,Cabo Verde,56,47733.0,69297.91071428571,13234,181399
Sweet potatoes,Philippines,56,47665.0,48253.267857142855,39750,62473
Sweet potatoes,Benin,56,47304.5,45906.78571428572,20559,63857
Sweet potatoes,Bolivia (Plurinational State of),56,46236.0,56671.96428571428,33053,110000
Sweet potatoes,Papua New Guinea,56,46055.5,46222.44642857143,39733,51505
Sweet potatoes,Haiti,56,45277.5,43882.03571428572,29609,90938
Sweet potatoes,Venezuela (Bolivarian Republic of),56,44644.0,56264.46428571428,21820,112344
Sweet potatoes,Cuba,56,41667.0,48722.232142857145,26825,126054
Sweet potatoes,New Caledonia,56,41197.0,34710.82142857143,9340,50000
Sweet potatoes,Uganda,56,41080.0,40593.46428571428,24009,62075
Sweet potatoes,Timor-Leste,56,39474.0,37254.57142857143,22156,53215
Sweet potatoes,Equatorial Guinea,56,38333.0,38571.857142857145,25714,56581
Sweet potatoes,Honduras,56,37669.0,46720.625,22120,65517
Sweet potatoes,Ecuador,56,36442.0,36340.732142857145,9710,66551
Sweet potatoes,Togo,56,35000.0,37654.517857142855,6830,87500
Sweet potatoes,Bahamas,56,34490.5,34318.44642857143,22222,40909
Sweet potatoes,South Africa,56,33383.5,32522.089285714286,23333,38431
Sweet potatoes,Cayman Islands,51,32416.0,38329.470588235294,20000,70000
Sweet potatoes,Fiji,56,30000.0,43749.83928571428,8102,128706
Sweet potatoes,Costa Rica,23,29648.0,29486.521739130436,28571,30435
Sweet potatoes,United Republic of Tanzania,56,29163.5,34011.375,10448,72759
Sweet potatoes,Sierra Leone,56,28066.5,32235.625,18519,103100
Sweet potatoes,Grenada,56,28038.5,35623.30357142857,17532,56444
Sweet potatoes,Montserrat,56,24731.5,29732.285714285714,19891,62860
Sweet potatoes,Zimbabwe,56,21952.0,25659.803571428572,17176,62500
Sweet potatoes,Côte d'Ivoire,56,20000.0,20465.25,18226,24000
Sweet potatoes,Eswatini,56,18912.0,27473.714285714286,5000,57060
Sweet potatoes,Gabon,56,17805.0,16647.39285714286,10000,20000
Sweet potatoes,Saint Vincent and the Grenadines,56,17656.0,19188.321428571428,11098,49030
Sweet potatoes,Ghana,21,14765.0,15603.619047619048,13593,18685
Sweet potatoes,Mauritania,56,10000.0,9136.464285714286,3500,14000
Sweet potatoes,Maldives,56,2333.0,4724.178571428572,2000,16552
Wheat,Netherlands,56,76252.5,69613.44642857143,39251,92919
Wheat,Ireland,56,73926.5,67360.92857142857,31304,106677
Wheat,United Kingdom,56,67781.5,63074.46428571428,35372,89760
Wheat,Denmark,56,65279.0,61373.357142857145,36698,80373
Wheat,France,56,62004.5,55954.96428571428,23950,78008
Wheat,Germany,56,60365.0,58487.982142857145,28607,86296
Wheat,Sweden,56,53594.5,51611.16071428572,30169,72132
Wheat,Switzerland,56,53221.5,50394.392857142855,27134,66149
Wheat,Belgium-Luxembourg,39,52535.0,55076.51282051282,26473,89184
Wheat,Egypt,56,47836.5,46237.58928571428,24049,66682
Wheat,Czechia,24,47577.0,50131.916666666664,40684,65104
Wheat,Austria,56,45292.0,44086.57142857143,23969,62534
Wheat,New Zealand,56,44446.5,52128.58928571428,26482,91971
Wheat,Croatia,25,44047.0,44634.2,32207,57138
Wheat,Zambia,56,43889.5,43816.42857142857,9900,99387
Wheat,Slovenia,25,43528.0,44706.56,34543,54376
Wheat,Saudi Arabia,56,42739.0,36773.5,10060,64333
Wheat,Slovakia,24,41514.0,42642.416666666664,30313,58434
Wheat,Mexico,56,41046.5,39989.21428571428,16758,56568
Wheat,Norway,56,41002.5,39772.17857142857,20525,57745
Wheat,Uzbekistan,25,40410.0,35554.08,13585,49013
Wheat,Hungary,56,40332.0,38088.16071428572,15708,54858
Wheat,Zimbabwe,56,38924.5,40351.46428571428,14673,59130
Wheat,Czechoslovakia,32,38843.5,38570.25,22181,54212
Wheat,Malta,56,37211.5,33315.41071428572,10060,50000
Wheat,Lithuania,25,33919.0,34810.04,20348,52384
Wheat,Namibia,56,33845.0,37670.857142857145,9867,67214
Wheat,Poland,56,33438.5,33022.607142857145,18720,49721
Wheat,Japan,56,32652.5,32638.446428571428,12258,47114
Wheat,Bulgaria,56,32422.5,32995.58928571428,15416,47661
Wheat,Bosnia and Herzegovina,25,32290.0,32732.84,22617,42945
Wheat,Yugoslav SFR,31,30808.0,29806.58064516129,16161,42661
Wheat,Finland,56,30763.5,29925.0,14753,41030
Wheat,Republic of Korea,56,30591.5,29349.910714285714,16559,44386
Wheat,Ukraine,25,30455.0,30409.16,19756,42056
Wheat,China,56,30416.5,29408.660714285714,5591,54088
Wheat,"China, mainland",56,30416.0,29408.01785714286,5578,54091
Wheat,Kuwait,32,30000.0,29175.5625,2500,48882
Wheat,Chile,56,29778.0,30660.946428571428,12421,60706
Wheat,Latvia,25,29423.0,31420.2,20006,50304
Wheat,Italy,56,28288.0,29744.64285714286,18494,42030
Wheat,Belarus,25,28191.0,29006.64,17322,39752
Wheat,Albania,56,28128.5,26453.14285714286,7127,42301
Wheat,The former Yugoslav Republic of Macedonia,25,28026.0,28662.64,21298,38385
Wheat,Republic of Moldova,25,26376.0,26223.64,12925,40260
Wheat,"China, Taiwan Province of",56,26199.0,28122.196428571428,11349,46316
Wheat,Azerbaijan,25,25599.0,23135.88,14940,30475
Wheat,Romania,56,25259.0,25218.64285714286,12923,39484
Wheat,Greece,56,24236.5,23423.89285714286,13026,31183
Wheat,United States of America,56,24227.0,24423.785714285714,16070,35390
Wheat,Estonia,25,24173.0,26433.0,13377,47885
Wheat,Madagascar,41,23440.0,20882.243902439026,14907,26667
Wheat,Oman,56,23392.0,22686.571428571428,4583,46512
Wheat,Qatar,45,23056.0,21983.911111111112,8000,32278
Wheat,Kyrgyzstan,25,23017.0,22202.8,16751,27335
Wheat,United Arab Emirates,40,22791.5,27422.075,8083,72000
Wheat,Armenia,25,22374.0,23364.12,14627,33437
Wheat,Spain,56,22111.0,21422.26785714286,8837,36447
Wheat,Israel,56,21000.0,20896.696428571428,4564,38444
Wheat,India,56,20835.5,20148.875,7299,31775
Wheat,Canada,56,20475.0,21118.285714285714,7529,35943
Wheat,Botswana,48,20000.0,19610.0625,8000,26178
Wheat,Guatemala,56,19974.5,17518.035714285714,7319,29638
Wheat,Tajikistan,25,19716.0,19025.2,8409,30828
Wheat,New Caledonia,52,19660.5,19588.96153846154,0,45000
Wheat,Turkey,56,19416.5,19012.98214285714,9093,28803
Wheat,Russian Federation,25,19291.0,19500.28,13594,26835
Wheat,Lebanon,56,19157.0,18958.071428571428,7005,38043
Wheat,Occupied Palestinian Territory,23,18994.0,18027.739130434784,7779,24656
Wheat,Argentina,56,18959.5,20165.964285714286,9833,35063
Wheat,Bangladesh,56,18475.0,17272.26785714286,5738,30801
Wheat,Pakistan,56,18329.5,18124.410714285714,7597,28442
Wheat,Eswatini,47,18014.0,23016.91489361702,14286,45345
Wheat,Uganda,51,18000.0,18911.803921568626,14286,27346
Wheat,Nigeria,56,17391.0,16643.928571428572,8333,26400
Wheat,Turkmenistan,25,17000.0,19718.92,7759,35243
Wheat,Georgia,25,16984.0,16810.0,10189,26883
Wheat,Kenya,56,16839.0,18303.160714285714,9212,31991
Wheat,Niger,56,16185.0,16631.196428571428,6667,34444
Wheat,Uruguay,56,16076.5,18663.35714285714,5390,36082
Wheat,Colombia,56,15983.0,15527.92857142857,7965,23371
Wheat,Chad,55,15714.0,17091.927272727273,4923,36000
Wheat,Syrian Arab Republic,56,15577.0,16096.839285714286,4021,28436
Wheat,Ethiopia,24,15345.5,16809.0,10749,27941
Wheat,Paraguay,56,15318.0,15476.07142857143,5466,26010
Wheat,Australia,56,14884.0,15088.82142857143,7705,21673
Wheat,Cyprus,56,14746.5,16221.892857142857,482,35135
Wheat,Brazil,56,14610.0,14696.32142857143,4237,31551
Wheat,Sudan (former),51,14601.0,15762.039215686274,6843,38320
Wheat,Mali,56,13993.5,20154.0,6762,89273
Wheat,USSR,31,13972.0,13811.935483870968,7228,21148
Wheat,Democratic People's Republic of Korea,56,13921.5,14090.625,5060,25065
Wheat,South Africa,56,13754.5,17022.60714285714,4824,37562
Wheat,United Republic of Tanzania,56,13441.0,13922.410714285714,4561,28838
Wheat,Nepal,56,13385.5,15344.517857142857,8466,25914
Wheat,Cameroon,41,13316.0,12371.073170731708,3140,17778
Wheat,Yemen,56,13238.5,13610.714285714286,6991,18901
Wheat,Portugal,56,12917.5,13504.30357142857,6087,23847
Wheat,Tunisia,56,12384.5,12478.875,5471,21412
Wheat,Malawi,56,12381.0,13063.285714285714,2244,25914
Wheat,Afghanistan,56,12101.0,12729.982142857143,7240,21959
Wheat,Iran (Islamic Republic of),56,11760.0,13127.30357142857,7088,22056
Wheat,Peru,56,11518.0,11667.05357142857,8300,15554
Wheat,Mozambique,56,10975.5,11022.107142857143,4000,18182
Wheat,Morocco,56,10828.0,12062.875,4528,24664
Wheat,Democratic Republic of the Congo,56,10640.0,10041.232142857143,4340,13237
Wheat,Myanmar,56,10532.5,10901.410714285714,3078,18616
Wheat,Kazakhstan,25,10250.0,10099.84,5200,16609
Wheat,Bhutan,56,10198.0,12353.589285714286,6386,26686
Wheat,Mauritania,56,10098.0,11311.17857142857,2000,24906
Wheat,Angola,56,10000.0,10186.035714285714,5333,17391
Wheat,Jordan,56,9949.0,9582.392857142857,1664,22633
Wheat,Ethiopia PDR,32,9373.0,9514.0625,7100,14115
Wheat,Eritrea,24,8973.5,8031.125,1706,12692
Wheat,Rwanda,56,8754.0,10432.57142857143,3953,23039
Wheat,Mongolia,56,8626.5,9376.839285714286,3285,16800
Wheat,Iraq,56,8364.5,10744.339285714286,3200,33181
Wheat,Ecuador,56,8343.0,8521.57142857143,5696,15250
Wheat,Bolivia (Plurinational State of),56,8183.0,8579.30357142857,5000,17208
Wheat,Algeria,56,8064.5,9327.05357142857,4060,19100
Wheat,Libya,56,7755.5,6427.107142857143,1735,12381
Wheat,Thailand,31,7475.0,8038.193548387097,4861,12500
Wheat,Lesotho,56,7282.0,7885.839285714285,1959,20515
Wheat,Burundi,56,7209.5,7192.142857142857,4444,11081
Wheat,Honduras,56,5933.0,6654.071428571428,4750,10000
Wheat,Venezuela (Bolivarian Republic of),56,4878.5,12639.964285714286,3312,30137
Wheat,Somalia,32,3720.0,3771.125,3611,4000
Yams,Japan,56,194619.5,195922.76785714287,157998,233257
Yams,Papua New Guinea,56,170820.5,169684.35714285713,161111,178455
Yams,Jamaica,56,146059.0,141378.67857142858,107892,171042
Yams,Costa Rica,28,138743.0,142747.7857142857,56573,200000
Yams,Tonga,56,136830.5,137684.05357142858,121739,172973
Yams,Nicaragua,26,132897.0,133006.61538461538,132736,133452
Yams,Dominica,56,125000.0,124783.33928571429,100000,150943
Yams,Trinidad and Tobago,56,122000.0,118486.71428571429,28642,188889
Yams,Wallis and Futuna Islands,56,119852.0,120782.35714285714,97614,133627
Yams,Barbados,56,115244.5,116239.44642857143,75833,180995
Yams,Guadeloupe,56,114653.0,115722.53571428571,38369,180000
Yams,Benin,56,107163.5,108628.28571428571,73909,150460
Yams,Ghana,56,106053.0,99254.14285714286,50672,169800
Yams,Portugal,56,105481.5,115623.5,56746,178827
Yams,Colombia,56,102366.5,98912.07142857143,55473,127935
Yams,Saint Vincent and the Grenadines,56,100000.0,101622.28571428571,76786,133981
Yams,Togo,56,99126.5,96661.375,68340,113781
Yams,Belize,28,98889.0,91351.42857142857,17292,204737
Yams,Nigeria,56,97829.0,92920.51785714286,56284,130109
Yams,Martinique,56,97609.5,83005.25,8258,133333
Yams,Guinea,56,95333.0,98900.42857142857,78571,133141
Yams,Guyana,20,94097.0,88251.9,55067,123760
Yams,Chad,56,91652.0,87702.85714285714,74194,97674
Yams,Brazil,56,91383.0,91871.42857142857,89474,97619
Yams,Liberia,56,89655.0,90382.83928571429,83333,96774
Yams,Côte d'Ivoire,56,83888.0,85850.69642857143,59919,116395
Yams,Puerto Rico,56,79721.0,80306.94642857143,51292,242473
Yams,Kenya,28,79490.0,83103.07142857143,45170,165521
Yams,Ethiopia,24,76454.5,110035.83333333333,67473,296789
Yams,Solomon Islands,56,75000.0,77681.57142857143,54348,110000
Yams,Burkina Faso,56,73584.0,72148.66071428571,11475,120091
Yams,Democratic Republic of the Congo,56,70536.0,66112.875,43480,90000
Yams,Dominican Republic,56,66432.0,67846.80357142857,48510,82800
Yams,Central African Republic,56,66310.0,63898.107142857145,46978,81097
Yams,New Caledonia,56,63582.5,50224.42857142857,8097,92308
Yams,Mauritania,56,62700.5,62707.53571428572,53125,70370
Yams,Gabon,56,62132.5,62498.41071428572,50000,80000
Yams,Panama,56,61438.0,58829.94642857143,31087,102215
Yams,Venezuela (Bolivarian Republic of),56,59001.0,68269.10714285714,39566,101120
Yams,United Republic of Tanzania,56,58697.5,61405.142857142855,54167,72000
Yams,Sao Tome and Principe,56,57885.5,56199.017857142855,46667,65000
Yams,Cuba,25,57001.0,66848.92,1367,333333
Yams,Samoa,56,56749.0,85808.30357142857,34884,150000
Yams,Burundi,56,56439.5,57997.33928571428,50000,90258
Yams,Rwanda,56,56142.0,63486.67857142857,29412,154700
Yams,Comoros,27,53333.0,53187.25925925926,51129,54732
Yams,Cameroon,56,50291.5,64173.142857142855,29606,121205
Yams,Saint Kitts and Nevis,56,50000.0,52860.982142857145,24516,112500
Yams,Philippines,56,48112.5,45530.07142857143,22714,61123
Yams,Haiti,56,46774.0,49883.607142857145,32353,110560
Yams,Congo,56,42798.0,43313.125,33308,53333
Yams,Mali,56,42761.5,87957.71428571429,24444,250000
Yams,Ethiopia PDR,32,42463.0,41905.5,36000,44531
Yams,Saint Lucia,56,38744.5,39801.75,33333,48276
Yams,Cayman Islands,51,38106.0,38623.8431372549,8000,50000
Yams,Antigua and Barbuda,56,36656.5,36717.83928571428,25000,54600
Yams,American Samoa,56,33277.0,33385.28571428572,4545,75510
Yams,Sudan (former),51,28000.0,27353.019607843136,23333,32500
Yams,Grenada,56,23731.0,23082.14285714286,15294,25789
Yams,Fiji,56,20445.5,46879.375,5283,171988
Yams,Niue,56,17786.5,37164.21428571428,7199,110000
