Year,Item,registros,paises,produtividade_mediana,produtividade_media,produtividade_minima,produtividade_maxima
1961,Cassava,99,99,75707.0,82364.898989899,23083,300667
1962,Cassava,99,99,76786.0,83756.88888888889,26667,318846
1963,Cassava,99,99,76667.0,83122.50505050505,22381,296071
1964,Cassava,99,99,80000.0,84791.30303030302,18658,306087
1965,Cassava,99,99,79920.0,84926.26262626263,22026,304348
1966,Cassava,100,100,75961.5,84816.14,24508,280000
1967,Cassava,100,100,79326.5,84870.85,20838,280000
1968,Cassava,100,100,77698.0,84321.42,26500,300000
1969,Cassava,101,101,75455.0,84369.33663366336,20000,266667
1970,Cassava,101,101,79688.0,86016.52475247525,26373,266667
1971,Cassava,101,101,79594.0,86255.30693069307,26667,268630
1972,Cassava,101,101,78202.0,87644.27722772278,13468,363148
1973,Cassava,101,101,78286.0,87254.88118811882,26429,263636
1974,Cassava,101,101,75000.0,86281.85148514851,22500,280000
1975,Cassava,101,101,80000.0,86892.50495049504,25333,257143
1976,Cassava,101,101,79113.0,86420.18811881189,24615,252778
1977,Cassava,101,101,78060.0,85197.17821782178,22000,252778
1978,Cassava,101,101,80000.0,85928.43564356436,23846,233871
1979,Cassava,101,101,81818.0,86742.88118811882,23846,248649
1980,Cassava,101,101,82927.0,87167.92079207921,10000,244737
1981,Cassava,101,101,87059.0,87661.9603960396,25385,250000
1982,Cassava,101,101,80000.0,86438.60396039604,25000,243590
1983,Cassava,101,101,86875.0,86791.12871287129,24210,240000
1984,Cassava,102,102,83026.0,86674.54901960785,25000,240000
1985,Cassava,101,101,87755.0,88002.25742574257,21250,240000
1986,Cassava,101,101,80220.0,87282.74257425743,22857,240000
1987,Cassava,101,101,85000.0,88106.64356435643,22857,240000
1988,Cassava,102,102,87747.0,88731.0294117647,18352,238095
1989,Cassava,103,103,86663.0,89122.71844660194,15000,210000
1990,Cassava,103,103,84170.0,89004.82524271845,15000,320000
1991,Cassava,102,102,86991.0,90149.54901960785,17466,304000
1992,Cassava,102,102,88740.0,90896.53921568628,17644,332500
1993,Cassava,103,103,85068.0,90848.2427184466,15017,277200
1994,Cassava,103,103,84406.0,90592.6213592233,11778,245277
1995,Cassava,104,104,82903.0,89594.22115384616,20000,252775
1996,Cassava,104,104,86480.5,90502.11538461539,19000,238528
1997,Cassava,103,103,92083.0,90731.82524271845,18846,221117
1998,Cassava,103,103,88000.0,89943.90291262136,18000,252815
1999,Cassava,104,104,91832.0,94321.11538461539,17143,239523
2000,Cassava,104,104,95586.5,95619.22115384616,17391,269087
2001,Cassava,104,104,94534.5,97947.99038461539,14288,266998
2002,Cassava,104,104,94525.0,97789.42307692308,13713,272746
2003,Cassava,104,104,97040.0,99039.95192307692,15479,262135
2004,Cassava,104,104,95684.5,102789.64423076923,14833,317000
2005,Cassava,104,104,99219.0,100120.19230769231,14333,304978
2006,Cassava,103,103,100000.0,103013.76699029126,13834,321132
2007,Cassava,104,104,96930.0,102552.72115384616,11024,322204
2008,Cassava,104,104,100000.0,104316.46153846153,12834,335407
2009,Cassava,104,104,103131.5,106303.27884615384,12531,343433
2010,Cassava,104,104,99434.5,106393.49038461539,12511,347555
2011,Cassava,104,104,101034.5,108381.94230769231,12491,364770
2012,Cassava,104,104,100781.0,110224.92307692308,12470,385818
2013,Cassava,104,104,99546.0,111770.32692307692,12450,349594
2014,Cassava,104,104,99101.5,111794.22115384616,12430,356555
2015,Cassava,104,104,100739.0,112634.44230769231,12410,315706
2016,Cassava,104,104,100133.5,113232.875,11313,326822
1961,Maize,143,143,10938.0,14626.58041958042,1787,50000
1962,Maize,143,143,11118.0,15051.734265734265,1193,94186
1963,Maize,143,143,11125.0,15393.048951048951,1374,70000
1964,Maize,143,143,11150.0,15646.62937062937,1139,79167
1965,Maize,143,143,11250.0,15887.818181818182,1025,79167
1966,Maize,144,144,11310.0,16509.631944444445,1359,74000
1967,Maize,144,144,11985.5,17039.868055555555,1121,73333
1968,Maize,144,144,11890.5,17191.083333333332,1399,85000
1969,Maize,144,144,11989.5,17547.354166666668,1562,71670
1970,Maize,145,145,12296.0,17476.951724137933,693,72474
1971,Maize,145,145,12641.0,18694.827586206895,1530,84442
1972,Maize,146,146,12565.5,17961.890410958906,1917,78499
1973,Maize,146,146,12629.0,19097.95890410959,2380,91388
1974,Maize,146,146,13946.0,18951.54794520548,3143,70553
1975,Maize,146,146,12942.5,19574.712328767124,3125,76661
1976,Maize,146,146,13642.0,19238.527397260274,4200,70873
1977,Maize,146,146,13518.5,20303.013698630137,3300,73746
1978,Maize,145,145,13804.0,20368.71724137931,3111,71429
1979,Maize,145,145,13996.0,20717.44827586207,1066,80315
1980,Maize,143,143,13893.0,20892.594405594406,2495,80758
1981,Maize,143,143,14543.0,22368.202797202797,2486,110000
1982,Maize,143,143,14892.0,22621.895104895106,4023,90705
1983,Maize,143,143,14000.0,21845.69230769231,3857,91563
1984,Maize,143,143,15116.0,22852.412587412586,1485,93593
1985,Maize,143,143,15788.0,25264.594405594406,1816,180996
1986,Maize,143,143,15554.0,26070.00699300699,3500,154940
1987,Maize,143,143,15336.0,25848.097902097903,2710,192292
1988,Maize,143,143,16195.0,25959.020979020977,2322,147778
1989,Maize,144,144,16427.0,27476.13888888889,2358,150000
1990,Maize,144,144,17058.0,27361.215277777777,2736,137935
1991,Maize,147,147,16868.0,29852.04761904762,2529,204303
1992,Maize,163,163,18266.0,29601.331288343557,1587,224503
1993,Maize,165,165,18609.0,29769.072727272727,1353,200203
1994,Maize,165,165,18162.0,29361.357575757575,1698,190244
1995,Maize,165,165,18696.0,30210.060606060608,1303,190476
1996,Maize,164,164,18548.0,31499.59756097561,2463,187105
1997,Maize,165,165,19218.0,32741.957575757577,1469,186667
1998,Maize,165,165,19178.0,32797.375757575755,910,204530
1999,Maize,165,165,21012.0,33678.163636363635,1111,206590
2000,Maize,166,166,21161.5,34455.403614457835,1123,208670
2001,Maize,166,166,23663.5,35529.50602409639,1992,210995
2002,Maize,166,166,25316.0,37444.42168674699,1485,286750
2003,Maize,166,166,25623.5,36105.24698795181,2144,230989
2004,Maize,166,166,26964.0,39468.53614457831,1743,221145
2005,Maize,166,166,27749.0,39942.78313253012,2036,233152
2006,Maize,167,167,26829.0,39744.96407185629,2180,225140
2007,Maize,167,167,27222.0,41322.18562874252,1219,268266
2008,Maize,167,167,28804.0,42487.60479041916,1844,268301
2009,Maize,167,167,30041.0,43892.017964071856,2308,268249
2010,Maize,168,168,30169.5,44879.13690476191,1617,292355
2011,Maize,168,168,30852.0,47235.666666666664,1778,338158
2012,Maize,169,169,31874.0,44328.485207100595,1370,258788
2013,Maize,169,169,32686.0,48012.56804733728,849,367619
2014,Maize,169,169,34205.0,48782.15976331361,343,340977
2015,Maize,169,169,34716.0,46871.23668639053,2552,352913
2016,Maize,169,169,36745.0,49928.769230769234,1780,404127
1961,Plantains and others,43,43,60000.0,70500.53488372093,7500,200000
1962,Plantains and others,43,43,59676.0,73718.25581395348,7000,207759
1963,Plantains and others,43,43,59815.0,78161.6046511628,6723,250000
1964,Plantains and others,43,43,60000.0,97252.46511627907,14667,1000000
1965,Plantains and others,43,43,60194.0,77460.90697674418,7479,192308
1966,Plantains and others,43,43,60224.0,80798.30232558139,7500,218190
1967,Plantains and others,43,43,60749.0,78408.37209302325,6667,230162
1968,Plantains and others,43,43,60811.0,77935.3953488372,6667,200000
1969,Plantains and others,43,43,60526.0,81500.55813953489,6667,247961
1970,Plantains and others,43,43,60143.0,75811.62790697675,6667,200000
1971,Plantains and others,44,44,61514.0,80195.93181818182,6667,200000
1972,Plantains and others,44,44,63410.5,81793.5,6667,200000
1973,Plantains and others,44,44,63909.0,81458.06818181818,6667,200000
1974,Plantains and others,44,44,65051.5,78585.84090909091,6667,200000
1975,Plantains and others,44,44,64819.5,79436.11363636363,6667,274740
1976,Plantains and others,45,45,65053.0,78627.22222222222,6667,256207
1977,Plantains and others,45,45,68000.0,78161.06666666667,6667,272344
1978,Plantains and others,46,46,67910.5,76764.91304347826,6667,264088
1979,Plantains and others,46,46,60963.0,82038.89130434782,6667,533236
1980,Plantains and others,46,46,59837.5,80378.69565217392,6667,578976
1981,Plantains and others,46,46,57686.5,76427.39130434782,6667,403038
1982,Plantains and others,46,46,57070.5,72479.23913043478,6667,308211
1983,Plantains and others,46,46,59949.0,71487.39130434782,6000,318802
1984,Plantains and others,46,46,61595.0,75271.26086956522,6000,222698
1985,Plantains and others,48,48,64509.0,76784.4375,6000,196110
1986,Plantains and others,48,48,67226.5,75648.9375,6000,199578
1987,Plantains and others,48,48,70403.0,79421.5625,6000,270860
1988,Plantains and others,48,48,69487.5,79111.45833333333,6000,260590
1989,Plantains and others,49,49,71479.0,87044.59183673469,6000,394286
1990,Plantains and others,48,48,70876.0,86073.60416666667,6043,394286
1991,Plantains and others,49,49,75225.0,91977.38775510204,1192,411910
1992,Plantains and others,49,49,75372.0,92856.44897959183,286,418505
1993,Plantains and others,49,49,75595.0,92777.32653061225,3800,418505
1994,Plantains and others,49,49,74711.0,94290.40816326531,4138,418505
1995,Plantains and others,50,50,75412.5,95875.02,6000,488289
1996,Plantains and others,50,50,72206.5,93833.8,5981,480175
1997,Plantains and others,50,50,75643.5,86915.8,5987,381003
1998,Plantains and others,50,50,74604.5,85674.98,5992,381146
1999,Plantains and others,50,50,75263.5,89450.0,5995,386101
2000,Plantains and others,50,50,73487.5,97858.64,5996,507074
2001,Plantains and others,50,50,78399.0,93344.16,5995,323383
2002,Plantains and others,50,50,75579.5,90467.42,5991,311690
2003,Plantains and others,50,50,77501.0,92262.64,5984,312202
2004,Plantains and others,50,50,78942.5,93580.56,5959,312202
2005,Plantains and others,50,50,77224.5,92148.54,5931,312125
2006,Plantains and others,50,50,76864.5,93778.02,5897,356557
2007,Plantains and others,50,50,83800.5,92739.86,6364,311711
2008,Plantains and others,50,50,84163.0,96978.88,5751,352212
2009,Plantains and others,50,50,89674.0,103040.98,5639,554855
2010,Plantains and others,51,51,80771.0,92437.92156862745,5522,280227
2011,Plantains and others,51,51,88133.0,92656.94117647059,5402,312350
2012,Plantains and others,51,51,88889.0,94396.35294117648,4828,309336
2013,Plantains and others,51,51,87888.0,94842.49019607843,5307,307428
2014,Plantains and others,51,51,100000.0,97388.54901960785,5431,316108
2015,Plantains and others,51,51,101591.0,98309.70588235294,5419,319484
2016,Plantains and others,51,51,101250.0,100380.2156862745,5387,310250
1961,Potatoes,124,124,86158.5,97099.60483870968,16000,280396
1962,Potatoes,124,124,83576.5,95683.74193548386,14000,304970
1963,Potatoes,124,124,86593.0,100784.89516129032,16667,287836
1964,Potatoes,124,124,87500.0,101536.28225806452,17333,343142
1965,Potatoes,124,124,91266.5,102741.81451612903,20833,300459
1966,Potatoes,124,124,90130.0,107314.30645161291,20000,315597
1967,Potatoes,124,124,94535.0,110235.09677419355,20000,353097
1968,Potatoes,124,124,93582.5,111826.58064516129,17500,343700
1969,Potatoes,124,124,95795.5,110045.0241935484,10000,342147
1970,Potatoes,124,124,95723.0,116733.8629032258,10000,356492
1971,Potatoes,126,126,100000.0,116822.79365079365,20833,380283
1972,Potatoes,126,126,100000.0,116933.37301587302,16667,374883
1973,Potatoes,126,126,100000.0,120101.05555555556,20000,368292
1974,Potatoes,126,126,101603.5,120382.70634920635,20000,429177
1975,Potatoes,126,126,100033.5,115797.58730158731,12593,365846
1976,Potatoes,127,127,105000.0,119832.08661417323,20000,324119
1977,Potatoes,128,128,110353.0,125398.609375,20000,393484
1978,Potatoes,129,129,115000.0,131268.65891472867,20000,430670
1979,Potatoes,129,129,115219.0,132814.62790697673,20000,388477
1980,Potatoes,129,129,112676.0,132181.65891472867,20000,369237
1981,Potatoes,129,129,119231.0,136309.6899224806,20000,426016
1982,Potatoes,129,129,118067.0,135426.47286821707,19454,429205
1983,Potatoes,130,130,118233.0,131671.43846153846,20000,452955
1984,Potatoes,130,130,124955.5,143407.1,17589,444569
1985,Potatoes,131,131,122841.0,143675.68702290076,10000,438198
1986,Potatoes,131,131,128847.0,144963.14503816795,10000,413370
1987,Potatoes,131,131,125985.0,146673.25190839695,14513,448791
1988,Potatoes,132,132,125315.5,146644.43181818182,17432,419738
1989,Potatoes,131,131,135760.0,150751.36641221374,19887,415316
1990,Potatoes,133,133,132787.0,150808.29323308272,16142,401380
1991,Potatoes,133,133,138029.0,148689.95488721805,16875,398785
1992,Potatoes,151,151,133086.0,151489.99337748345,19385,457621
1993,Potatoes,153,153,136956.0,155413.17647058822,19446,499376
1994,Potatoes,154,154,133252.0,151386.48701298703,14222,446339
1995,Potatoes,155,155,140000.0,156807.12258064517,9034,450321
1996,Potatoes,155,155,139763.0,162206.90322580645,9034,487219
1997,Potatoes,155,155,136675.0,160167.30967741937,10922,522291
1998,Potatoes,155,155,137850.0,158547.87741935483,10370,414881
1999,Potatoes,155,155,142018.0,162782.67096774193,19643,462833
2000,Potatoes,157,157,140319.0,164067.35668789808,20000,456548
2001,Potatoes,157,157,144634.0,168036.48407643312,15852,445871
2002,Potatoes,157,157,155903.0,174629.7133757962,20000,471475
2003,Potatoes,158,158,153804.0,168642.5253164557,20000,457415
2004,Potatoes,158,158,159921.5,180034.46835443037,18849,483955
2005,Potatoes,157,157,156141.0,179095.19108280254,18862,460829
2006,Potatoes,159,159,161059.0,177044.59119496855,15360,440949
2007,Potatoes,159,159,164101.0,180176.9245283019,14295,477612
2008,Potatoes,158,158,165876.0,185508.56962025317,8406,460711
2009,Potatoes,159,159,166136.0,186378.13836477988,12000,478154
2010,Potatoes,159,159,165000.0,185371.8427672956,10986,495751
2011,Potatoes,159,159,168013.0,193611.7106918239,11574,501412
2012,Potatoes,159,159,171875.0,189796.82389937105,11818,484810
2013,Potatoes,159,159,175414.0,193888.51572327045,11818,482926
2014,Potatoes,159,159,176447.0,198711.90566037735,11344,540003
2015,Potatoes,158,158,176086.0,195367.46202531646,9018,487543
2016,Potatoes,159,159,185509.0,198525.50943396226,8052,490203
1961,"Rice, paddy",110,110,17483.0,21333.063636363637,3558,64444
1962,"Rice, paddy",110,110,17796.5,21647.572727272727,4737,68443
1963,"Rice, paddy",110,110,18694.0,22552.354545454546,4154,66667
1964,"Rice, paddy",110,110,19361.0,22258.772727272728,4468,66000
1965,"Rice, paddy",110,110,18251.5,22254.372727272726,4789,63365
1966,"Rice, paddy",110,110,18897.0,22939.20909090909,5858,71755
1967,"Rice, paddy",111,111,19059.0,23771.369369369368,7035,74074
1968,"Rice, paddy",113,113,19604.0,23434.017699115044,3930,74175
1969,"Rice, paddy",113,113,20000.0,24285.300884955752,4121,79238
1970,"Rice, paddy",114,114,19641.0,24200.605263157893,4079,65714
1971,"Rice, paddy",114,114,20000.0,24180.71052631579,5446,73918
1972,"Rice, paddy",114,114,20270.0,24042.035087719298,4815,65714
1973,"Rice, paddy",114,114,20929.0,25283.745614035088,5622,68514
1974,"Rice, paddy",114,114,21502.5,24966.622807017542,6000,65714
1975,"Rice, paddy",114,114,21015.5,25627.429824561405,5012,70588
1976,"Rice, paddy",114,114,20000.0,24843.535087719298,4639,70588
1977,"Rice, paddy",114,114,21057.5,25391.464912280702,4716,79412
1978,"Rice, paddy",114,114,20696.5,25410.07894736842,4140,79412
1979,"Rice, paddy",114,114,23615.5,26601.43859649123,5140,87879
1980,"Rice, paddy",114,114,23724.5,26681.06140350877,4339,87879
1981,"Rice, paddy",113,113,24900.0,28107.83185840708,4985,98462
1982,"Rice, paddy",113,113,26342.0,28189.796460176993,2608,98462
1983,"Rice, paddy",113,113,25857.0,29302.221238938055,3280,99413
1984,"Rice, paddy",113,113,26998.0,29654.274336283186,3862,87254
1985,"Rice, paddy",113,113,26508.0,29902.24778761062,5287,75000
1986,"Rice, paddy",114,114,27228.0,30425.754385964912,8020,75000
1987,"Rice, paddy",113,113,25731.0,29353.46902654867,6667,75000
1988,"Rice, paddy",114,114,27674.5,30177.114035087718,6667,75000
1989,"Rice, paddy",114,114,27294.0,31213.543859649122,7500,82990
1990,"Rice, paddy",114,114,26343.5,30759.0,8052,91492
1991,"Rice, paddy",111,111,26786.0,31388.90990990991,5290,88427
1992,"Rice, paddy",118,118,26912.0,31747.542372881355,2988,89767
1993,"Rice, paddy",118,118,26860.5,31017.677966101695,5586,81273
1994,"Rice, paddy",117,117,26471.0,31534.863247863246,7256,101765
1995,"Rice, paddy",118,118,26543.0,31726.21186440678,6881,97222
1996,"Rice, paddy",118,118,26404.0,31487.330508474577,6803,82910
1997,"Rice, paddy",118,118,27201.5,31252.13559322034,6803,84152
1998,"Rice, paddy",119,119,26986.0,31486.81512605042,5291,94256
1999,"Rice, paddy",119,119,28070.0,32427.504201680673,5263,91615
2000,"Rice, paddy",119,119,29723.0,32248.100840336134,3900,91025
2001,"Rice, paddy",119,119,30137.0,32964.79831932773,7000,93071
2002,"Rice, paddy",119,119,30832.0,33133.991596638654,2789,93889
2003,"Rice, paddy",119,119,31413.0,34225.075630252104,7059,101095
2004,"Rice, paddy",119,119,31749.0,34540.705882352944,6900,98384
2005,"Rice, paddy",118,118,32975.0,34753.661016949154,2034,99874
2006,"Rice, paddy",117,117,32993.0,35781.36752136752,2729,100750
2007,"Rice, paddy",118,118,33050.0,35836.44915254237,2845,97675
2008,"Rice, paddy",120,120,33698.0,36743.7,2836,97349
2009,"Rice, paddy",120,120,35849.5,37712.59166666667,5147,95930
2010,"Rice, paddy",120,120,35623.5,37822.275,5801,103895
2011,"Rice, paddy",120,120,35908.5,38872.958333333336,6085,95670
2012,"Rice, paddy",120,120,37586.5,39357.75833333333,5589,95296
2013,"Rice, paddy",120,120,37729.0,39707.683333333334,2824,102177
2014,"Rice, paddy",120,120,35988.5,39717.61666666667,4137,106827
2015,"Rice, paddy",120,120,38127.5,40060.375,5458,99103
2016,"Rice, paddy",120,120,36831.5,39386.4,5903,102889
1961,Sorghum,89,89,9168.0,11338.606741573034,1667,35446
1962,Sorghum,89,89,9175.0,11529.449438202248,2000,34487
1963,Sorghum,89,89,9200.0,11567.078651685393,2000,40848
1964,Sorghum,90,90,8968.5,11854.355555555556,2000,40446
1965,Sorghum,90,90,9324.5,11920.41111111111,2000,38381
1966,Sorghum,90,90,9269.0,11980.077777777778,2000,39503
1967,Sorghum,89,89,9991.0,12360.033707865168,2000,40095
1968,Sorghum,91,91,10016.0,12458.0,1814,40311
1969,Sorghum,89,89,10000.0,12515.292134831461,2000,40849
1970,Sorghum,90,90,10565.0,12906.7,583,41611
1971,Sorghum,91,91,10891.0,13559.153846153846,2042,41711
1972,Sorghum,91,91,10424.0,13284.934065934065,1994,40956
1973,Sorghum,91,91,10374.0,13507.615384615385,1064,44712
1974,Sorghum,90,90,10232.0,14104.08888888889,2083,44358
1975,Sorghum,90,90,10664.0,14147.022222222222,2080,43514
1976,Sorghum,92,92,10537.0,14459.217391304348,1989,53846
1977,Sorghum,92,92,10020.5,14242.760869565218,1143,48913
1978,Sorghum,93,93,11288.0,14862.387096774193,2071,53010
1979,Sorghum,94,94,11591.5,15276.446808510638,1017,50006
1980,Sorghum,94,94,11054.0,14883.797872340425,2138,48595
1981,Sorghum,94,94,11452.0,15830.95744680851,2133,58403
1982,Sorghum,94,94,11000.0,15061.021276595744,1038,51701
1983,Sorghum,93,93,10952.0,14899.236559139785,1504,54881
1984,Sorghum,93,93,11990.0,15662.301075268817,1165,55833
1985,Sorghum,93,93,11229.0,15888.709677419354,1783,78095
1986,Sorghum,94,94,12290.5,16500.393617021276,1649,62816
1987,Sorghum,94,94,11925.0,16367.117021276596,1583,58543
1988,Sorghum,94,94,12116.5,16695.989361702126,2294,80000
1989,Sorghum,95,95,11293.0,16061.8,2353,63742
1990,Sorghum,96,96,12290.0,16241.8125,1257,53234
1991,Sorghum,94,94,11231.0,16305.244680851063,1449,55615
1992,Sorghum,103,103,11517.0,15991.679611650485,578,59232
1993,Sorghum,103,103,11691.0,17314.55339805825,1341,66479
1994,Sorghum,104,104,10094.5,17144.19230769231,1518,149500
1995,Sorghum,106,106,11565.5,17580.98113207547,866,151429
1996,Sorghum,104,104,11498.0,18157.625,1281,109481
1997,Sorghum,107,107,11825.0,18101.364485981307,833,83514
1998,Sorghum,106,106,11598.5,17729.622641509435,857,65455
1999,Sorghum,105,105,12067.0,19050.17142857143,0,68276
2000,Sorghum,107,107,12132.0,19203.92523364486,0,178182
2001,Sorghum,105,105,12767.0,19857.64761904762,2548,212500
2002,Sorghum,106,106,12602.0,19039.56603773585,1562,175000
2003,Sorghum,105,105,13357.0,18884.704761904763,2689,131818
2004,Sorghum,106,106,14188.5,21308.650943396227,1448,215388
2005,Sorghum,106,106,13905.0,20273.924528301886,2400,144171
2006,Sorghum,107,107,13587.0,21196.869158878504,2911,137563
2007,Sorghum,106,106,13403.5,20373.80188679245,2399,130658
2008,Sorghum,108,108,12622.0,20090.444444444445,929,131464
2009,Sorghum,106,106,14042.5,20881.56603773585,2040,150142
2010,Sorghum,107,107,14397.0,21546.1214953271,1320,127380
2011,Sorghum,107,107,13427.0,23153.242990654206,1124,252468
2012,Sorghum,110,110,13030.5,23157.454545454544,0,234636
2013,Sorghum,110,110,14753.5,22553.381818181817,1200,184635
2014,Sorghum,109,109,12895.0,23358.467889908257,1200,244763
2015,Sorghum,110,110,14904.0,23546.827272727274,1200,251154
2016,Sorghum,110,110,15146.0,24870.963636363635,1520,255800
1961,Soybeans,50,50,6982.0,8429.08,2600,21033
1962,Soybeans,50,50,7516.0,8647.14,2750,20757
1963,Soybeans,50,50,7750.0,8699.58,2667,20513
1964,Soybeans,49,49,7871.0,9144.510204081633,2429,30557
1965,Soybeans,49,49,7200.0,9065.57142857143,2400,21087
1966,Soybeans,49,49,9825.0,10263.857142857143,2606,22903
1967,Soybeans,50,50,9376.0,9976.74,2540,20455
1968,Soybeans,50,50,9463.0,10328.78,2100,33938
1969,Soybeans,52,52,9340.0,10094.442307692309,2249,27968
1970,Soybeans,52,52,10000.0,10599.923076923076,2400,23636
1971,Soybeans,53,53,10000.0,10612.264150943396,2551,23636
1972,Soybeans,54,54,9934.0,11241.592592592593,2500,24561
1973,Soybeans,57,57,10532.0,11684.438596491229,2851,28552
1974,Soybeans,59,59,11730.0,12167.118644067798,3003,26692
1975,Soybeans,62,62,11390.5,12729.145161290322,3152,30000
1976,Soybeans,63,63,11500.0,12338.015873015873,3000,30000
1977,Soybeans,63,63,12718.0,13204.825396825398,3000,31429
1978,Soybeans,62,62,12249.0,12933.91935483871,2143,30000
1979,Soybeans,62,62,11611.0,12903.209677419354,2300,37500
1980,Soybeans,65,65,11409.0,12816.784615384615,2778,44562
1981,Soybeans,66,66,11636.5,12909.757575757576,2600,28929
1982,Soybeans,67,67,12500.0,13491.089552238805,2343,31362
1983,Soybeans,69,69,12913.0,13399.391304347826,2100,46218
1984,Soybeans,69,69,13309.0,13281.63768115942,2150,30403
1985,Soybeans,70,70,13606.5,13856.728571428572,2927,33087
1986,Soybeans,72,72,13467.0,13849.930555555555,3238,34686
1987,Soybeans,72,72,13159.5,14590.458333333334,3302,47481
1988,Soybeans,75,75,14346.0,14129.693333333333,3000,40300
1989,Soybeans,76,76,13556.0,15013.381578947368,3000,59470
1990,Soybeans,78,78,13785.5,14403.935897435897,2990,33588
1991,Soybeans,78,78,14699.0,15172.794871794871,3098,36828
1992,Soybeans,88,88,13497.0,14007.227272727272,50,31316
1993,Soybeans,89,89,13508.0,14298.651685393259,80,31552
1994,Soybeans,89,89,12504.0,14189.483146067416,111,33501
1995,Soybeans,89,89,13913.0,14645.134831460675,117,37525
1996,Soybeans,89,89,14234.0,15105.41573033708,227,36951
1997,Soybeans,89,89,14315.0,15473.977528089888,200,38018
1998,Soybeans,89,89,13387.0,14806.91011235955,383,35040
1999,Soybeans,89,89,14486.0,15622.786516853932,260,35329
2000,Soybeans,90,90,12324.0,14375.022222222222,525,39391
2001,Soybeans,91,91,14775.0,15125.406593406593,540,38122
2002,Soybeans,89,89,14955.0,15926.337078651686,230,38613
2003,Soybeans,90,90,12989.0,14738.966666666667,250,34589
2004,Soybeans,93,93,14630.0,15475.440860215054,100,35714
2005,Soybeans,93,93,16489.0,16319.946236559139,2499,36303
2006,Soybeans,95,95,15267.0,15766.284210526315,500,39688
2007,Soybeans,95,95,14537.0,15270.652631578947,824,35350
2008,Soybeans,95,95,16129.0,16398.263157894737,112,36490
2009,Soybeans,95,95,16302.0,15969.694736842106,2459,36570
2010,Soybeans,95,95,16207.0,16623.936842105264,2156,36869
2011,Soybeans,95,95,15913.0,16402.294736842105,2688,38704
2012,Soybeans,95,95,15814.0,16183.410526315789,1641,36394
2013,Soybeans,94,94,16319.5,16768.063829787236,3273,41609
2014,Soybeans,94,94,17587.0,17810.117021276597,2854,43710
2015,Soybeans,94,94,15801.0,16938.14893617021,3089,43999
2016,Soybeans,95,95,15901.0,17603.715789473685,1941,43219
1961,Sweet potatoes,110,110,66496.5,76446.68181818182,2333,250000
1962,Sweet potatoes,110,110,66146.0,77550.6909090909,2333,300000
1963,Sweet potatoes,110,110,63379.5,77803.59090909091,2333,300000
1964,Sweet potatoes,110,110,65105.0,79066.82727272727,2333,307692
1965,Sweet potatoes,110,110,64365.5,78248.0090909091,2333,294118
1966,Sweet potatoes,111,111,67810.0,78079.16216216216,2000,294118
1967,Sweet potatoes,111,111,64706.0,80138.21621621621,2000,300000
1968,Sweet potatoes,111,111,65385.0,80191.81981981982,2000,280000
1969,Sweet potatoes,111,111,65660.0,79380.43243243243,2000,257143
1970,Sweet potatoes,111,111,64667.0,80862.37837837837,2333,250000
1971,Sweet potatoes,111,111,65420.0,80878.06306306306,2250,285714
1972,Sweet potatoes,111,111,64706.0,82695.16216216216,2000,307692
1973,Sweet potatoes,111,111,71910.0,81035.68468468469,2250,291667
1974,Sweet potatoes,111,111,71170.0,82519.9009009009,2289,300000
1975,Sweet potatoes,111,111,73333.0,84568.62162162163,2360,307692
1976,Sweet potatoes,111,111,70362.0,83093.33333333333,2273,296296
1977,Sweet potatoes,111,111,65556.0,83930.16216216216,2261,296296
1978,Sweet potatoes,111,111,66353.0,83568.63963963964,2333,296296
1979,Sweet potatoes,111,111,69000.0,83653.1981981982,2200,296296
1980,Sweet potatoes,111,111,66000.0,83796.50450450451,2333,296296
1981,Sweet potatoes,111,111,69836.0,85928.28828828828,2200,305367
1982,Sweet potatoes,111,111,75000.0,85667.66666666667,2222,306000
1983,Sweet potatoes,111,111,71429.0,87150.5945945946,2273,367500
1984,Sweet potatoes,111,111,71429.0,88482.4054054054,2222,383636
1985,Sweet potatoes,111,111,70000.0,89792.61261261262,2258,396250
1986,Sweet potatoes,111,111,65347.0,87835.94594594595,2222,387273
1987,Sweet potatoes,112,112,69250.0,89973.96428571429,2250,343750
1988,Sweet potatoes,112,112,73152.0,88569.72321428571,2231,382222
1989,Sweet potatoes,113,113,70000.0,87299.3185840708,2222,395556
1990,Sweet potatoes,113,113,71429.0,86208.46902654867,2211,364167
1991,Sweet potatoes,112,112,65244.5,85007.39285714286,2269,363511
1992,Sweet potatoes,112,112,66243.0,87674.3125,2214,362900
1993,Sweet potatoes,113,113,64762.0,87639.7168141593,2904,357333
1994,Sweet potatoes,115,115,66667.0,87221.48695652174,2273,358857
1995,Sweet potatoes,115,115,65506.0,86891.10434782608,2308,346000
1996,Sweet potatoes,116,116,64017.0,88438.38793103448,2245,340506
1997,Sweet potatoes,116,116,64533.0,89039.93103448275,2400,345000
1998,Sweet potatoes,116,116,65337.0,88823.78448275862,2400,323333
1999,Sweet potatoes,117,117,68514.0,92492.33333333333,9999,344000
2000,Sweet potatoes,117,117,70002.0,93865.82905982906,8163,342969
2001,Sweet potatoes,117,117,73829.0,94424.68376068377,7389,348658
2002,Sweet potatoes,117,117,71674.0,94739.49572649572,10000,351395
2003,Sweet potatoes,117,117,75417.0,96852.88888888889,9710,350075
2004,Sweet potatoes,117,117,72000.0,98600.0170940171,6830,349231
2005,Sweet potatoes,117,117,81251.0,97484.46153846153,10000,349531
2006,Sweet potatoes,116,116,80312.0,100294.88793103448,10000,348610
2007,Sweet potatoes,117,117,81907.0,100587.80341880342,10000,350176
2008,Sweet potatoes,117,117,86946.0,102492.39316239316,4880,350937
2009,Sweet potatoes,118,118,86867.5,104397.14406779662,8000,400000
2010,Sweet potatoes,118,118,87183.5,104269.82203389831,9690,333333
2011,Sweet potatoes,118,118,89202.0,107599.16949152542,9725,319252
2012,Sweet potatoes,118,118,89378.0,107732.54237288136,9326,331853
2013,Sweet potatoes,118,118,90476.0,109100.05932203389,9283,352871
2014,Sweet potatoes,117,117,92372.0,107788.03418803419,9239,395623
2015,Sweet potatoes,117,117,91092.0,107075.28205128205,8102,353643
2016,Sweet potatoes,117,117,91446.0,106722.55555555556,8504,354370
1961,Wheat,94,94,10692.0,13864.797872340425,2222,41205
1962,Wheat,94,94,11655.5,14814.58510638298,2100,45475
1963,Wheat,94,94,11857.0,14299.31914893617,2111,41962
1964,Wheat,94,94,12112.5,15367.053191489362,1867,47064
1965,Wheat,94,94,11343.0,15897.893617021276,2222,44573
1966,Wheat,95,95,12398.0,15605.305263157894,2964,42752
1967,Wheat,95,95,13263.0,17218.694736842106,2710,47906
1968,Wheat,95,95,13058.0,16871.18947368421,2285,48137
1969,Wheat,95,95,12546.0,16775.336842105262,2913,43946
1970,Wheat,96,96,11957.0,16432.989583333332,1735,45457
1971,Wheat,97,97,13426.0,18159.59793814433,3314,49687
1972,Wheat,97,97,13743.0,18100.05154639175,2256,45698
1973,Wheat,97,97,13988.0,18832.329896907217,482,52552
1974,Wheat,97,97,14529.0,20057.288659793816,2915,57334
1975,Wheat,97,97,14684.0,19040.453608247422,3669,51017
1976,Wheat,99,99,14943.0,19613.19191919192,4052,54374
1977,Wheat,100,100,14689.0,19103.2,2384,52304
1978,Wheat,100,100,17430.0,20525.46,3730,65665
1979,Wheat,100,100,15983.0,19933.37,1664,59382
1980,Wheat,100,100,16579.0,21313.76,4009,62021
1981,Wheat,100,100,17092.5,21623.69,3992,67008
1982,Wheat,100,100,16490.5,23298.83,3731,73896
1983,Wheat,100,100,17390.5,23093.09,3329,70368
1984,Wheat,100,100,16116.5,24709.33,3670,78854
1985,Wheat,102,102,17548.0,23158.91176470588,2500,66451
1986,Wheat,103,103,18137.0,23761.223300970873,3333,79980
1987,Wheat,103,103,18657.0,23894.271844660194,3312,70650
1988,Wheat,103,103,18344.0,24796.504854368934,3340,77645
1989,Wheat,103,103,18655.0,25283.90291262136,3382,75977
1990,Wheat,103,103,20000.0,26237.06796116505,3444,85307
1991,Wheat,103,103,20000.0,25913.320388349515,1959,78646
1992,Wheat,121,121,21653.0,25406.95041322314,3528,80154
1993,Wheat,123,123,22000.0,25560.731707317074,2038,87712
1994,Wheat,124,124,20786.0,25368.927419354837,2244,80674
1995,Wheat,124,124,21128.5,26025.177419354837,3703,86189
1996,Wheat,124,124,21135.0,26450.782258064515,3665,89965
1997,Wheat,124,124,20893.5,26853.08064516129,3434,79337
1998,Wheat,124,124,22752.5,27397.548387096773,3750,82523
1999,Wheat,124,124,21374.5,26517.5564516129,3720,87665
2000,Wheat,125,125,23223.0,27025.96,0,94538
2001,Wheat,125,125,23810.0,28245.488,3654,90601
2002,Wheat,125,125,23432.0,28409.04,0,84440
2003,Wheat,125,125,23333.0,27453.208,1987,87439
2004,Wheat,124,124,24866.5,30331.40322580645,2980,99241
2005,Wheat,125,125,24615.0,29600.112,3871,85932
2006,Wheat,126,126,24524.0,28831.301587301587,0,91543
2007,Wheat,126,126,23960.0,28820.20634920635,0,84966
2008,Wheat,125,125,25845.0,31317.752,2415,99387
2009,Wheat,124,124,25850.0,30803.024193548386,3473,94652
2010,Wheat,124,124,25583.0,30530.620967741936,3871,89092
2011,Wheat,125,125,26686.0,31355.832,0,98641
2012,Wheat,125,125,26723.0,31422.864,4000,89245
2013,Wheat,125,125,27957.0,32776.072,4000,91053
2014,Wheat,124,124,28175.5,32961.74193548387,3974,100140
2015,Wheat,124,124,28807.5,33969.24193548387,3964,106677
2016,Wheat,125,125,30475.0,33638.912,3980,95390
1961,Yams,52,52,75431.0,76697.80769230769,8000,168750
1962,Yams,52,52,75287.0,77036.13461538461,7905,168750
1963,Yams,52,52,75937.5,77332.63461538461,7905,171429
1964,Yams,52,52,78490.5,78440.07692307692,7905,193784
1965,Yams,52,52,77357.0,79027.53846153847,7905,189474
1966,Yams,53,53,77193.0,76937.3396226415,7905,183750
1967,Yams,53,53,75159.0,78386.69811320755,7166,177778
1968,Yams,53,53,75500.0,77927.07547169812,7493,170000
1969,Yams,53,53,72727.0,77693.84905660378,7493,167273
1970,Yams,53,53,75000.0,77601.84905660378,7500,163333
1971,Yams,53,53,75625.0,78449.58490566038,7500,173394
1972,Yams,53,53,74034.0,78115.18867924529,7500,182546
1973,Yams,53,53,73154.0,78015.0,7500,178709
1974,Yams,53,53,73906.0,78417.49056603774,7407,179740
1975,Yams,53,53,75000.0,79364.01886792453,6250,184844
1976,Yams,53,53,77143.0,79501.39622641509,5970,180000
1977,Yams,53,53,66667.0,77228.83018867925,5283,188456
1978,Yams,53,53,72675.0,79114.54716981133,20000,195304
1979,Yams,53,53,72083.0,79319.43396226416,4545,198168
1980,Yams,53,53,72917.0,80872.3396226415,20000,184100
1981,Yams,53,53,65498.0,79183.81132075471,20000,185158
1982,Yams,53,53,64945.0,78616.2075471698,20000,181833
1983,Yams,53,53,64706.0,78637.0,20000,180000
1984,Yams,53,53,63793.0,76459.77358490566,20000,197291
1985,Yams,53,53,61811.0,74502.8679245283,20000,199762
1986,Yams,53,53,61905.0,74401.28301886792,18769,180450
1987,Yams,53,53,61673.0,74221.94339622642,18182,194725
1988,Yams,53,53,64118.0,75323.75471698113,17391,175000
1989,Yams,56,56,65098.0,75939.35714285714,18333,185650
1990,Yams,57,57,66250.0,74468.05263157895,7595,210808
1991,Yams,58,58,66410.0,74617.36206896552,7199,192204
1992,Yams,59,59,68421.0,77027.79661016949,4914,204737
1993,Yams,59,59,68328.0,82081.77966101695,3279,207761
1994,Yams,59,59,69219.0,80121.20338983051,1367,242473
1995,Yams,59,59,69832.0,80185.94915254238,1910,200000
1996,Yams,59,59,73799.0,81076.25423728813,1592,194514
1997,Yams,60,60,72816.5,81818.15,6276,209840
1998,Yams,60,60,75255.0,82215.75,6131,200786
1999,Yams,60,60,85533.5,86295.18333333333,8243,217455
2000,Yams,60,60,83526.5,90362.23333333334,8374,333333
2001,Yams,60,60,83725.5,84200.4,8504,207982
2002,Yams,60,60,82960.0,85409.88333333333,8635,206243
2003,Yams,60,60,85294.0,84424.6,8765,199887
2004,Yams,60,60,78222.5,82812.48333333334,8960,229051
2005,Yams,60,60,76046.0,82457.8,9036,233257
2006,Yams,60,60,85838.0,86919.58333333333,9199,250000
2007,Yams,60,60,81025.5,84804.7,9286,249941
2008,Yams,60,60,80437.0,86413.98333333334,8730,225093
2009,Yams,60,60,81571.0,85709.3,9885,211519
2010,Yams,60,60,79731.5,86857.7,8258,234857
2011,Yams,60,60,76576.5,84712.33333333333,8680,223344
2012,Yams,61,61,81334.0,89123.83606557376,8348,270389
2013,Yams,61,61,83585.0,89595.47540983607,7887,279805
2014,Yams,61,61,82803.0,89470.75409836066,7539,296789
2015,Yams,61,61,80024.0,87176.26229508196,7139,285412
2016,Yams,61,61,81097.0,85351.59016393442,5690,244423
